ad_window_id,window_name,ad_tab_id,tab_name,tablevel,tab_seq,whereclause,orderbyclause,filterclause,hqlwhereclause,hqlorderbyclause,hqlfilterclause,tablename,entity_classname,entity_alias,entity_javapackage,ad_field_id,field_name,isdisplayed,isshowninstatusbar,isreadonly,displaylogic,displaylogic_server,displaylogicgrid,field_seq,columnname,ad_reference_id,ismandatory,isupdateable,defaultvalue,fieldlength,valuemin,valuemax,ad_val_rule_id,readonlylogic,reference_name,callout_class
183,Purchase Invoice,290,Header,0,10,C_Invoice.IsSOTrx='N',,,e.salesTransaction=false and e.documentStatus <> 'TEMP',,,C_Invoice,Invoice,,org.openbravo.model.common.invoice,3321,Organization,Y,N,N,@ACCT_DIMENSION_DISPLAY@,,,10,AD_Org_ID,19,Y,N,@#AD_Org_ID@,22,,,49DC1D6F086945AB82F84C66F5F13F16,@Processed@='Y',TableDir,org.openbravo.erpCommon.ad_callouts.SE_Invoice_Organization
183,Purchase Invoice,290,Header,0,10,C_Invoice.IsSOTrx='N',,,e.salesTransaction=false and e.documentStatus <> 'TEMP',,,C_Invoice,Invoice,,org.openbravo.model.common.invoice,3344,Transaction Document,Y,N,N,,,,20,C_DocTypeTarget_ID,18,Y,Y,,22,,,124,@Processed@='Y',Table,org.openbravo.erpCommon.ad_callouts.SL_Invoice_DocType
183,Purchase Invoice,290,Header,0,10,C_Invoice.IsSOTrx='N',,,e.salesTransaction=false and e.documentStatus <> 'TEMP',,,C_Invoice,Invoice,,org.openbravo.model.common.invoice,3336,Document No.,Y,N,N,,,,30,DocumentNo,10,Y,Y,,30,,,,@Processed@='Y',String,
183,Purchase Invoice,290,Header,0,10,C_Invoice.IsSOTrx='N',,,e.salesTransaction=false and e.documentStatus <> 'TEMP',,,C_Invoice,Invoice,,org.openbravo.model.common.invoice,3348,Invoice Date,Y,N,N,,,,40,DateInvoiced,15,Y,Y,@#Date@,10,,,,@Posted@='Y' | (@Processed@='Y' & (@DocStatus@!'VO')),Date,org.openbravo.erpCommon.ad_callouts.SE_Invoice_AccountingDate
183,Purchase Invoice,290,Header,0,10,C_Invoice.IsSOTrx='N',,,e.salesTransaction=false and e.documentStatus <> 'TEMP',,,C_Invoice,Invoice,,org.openbravo.model.common.invoice,3325,Business Partner,Y,N,N,@ACCT_DIMENSION_DISPLAY@,,,50,C_BPartner_ID,30,Y,Y,,60,,,,@Processed@='Y' | @HAS_C_INVOICELINES@='Y',Search,org.openbravo.erpCommon.ad_callouts.SE_Invoice_BPartner
183,Purchase Invoice,290,Header,0,10,C_Invoice.IsSOTrx='N',,,e.salesTransaction=false and e.documentStatus <> 'TEMP',,,C_Invoice,Invoice,,org.openbravo.model.common.invoice,3326,Partner Address,Y,N,N,,,,60,C_BPartner_Location_ID,19,Y,Y,,22,,,119,@Processed@='Y',TableDir,org.openbravo.erpCommon.ad_callouts.SE_Invoice_BPartnerLocation
183,Purchase Invoice,290,Header,0,10,C_Invoice.IsSOTrx='N',,,e.salesTransaction=false and e.documentStatus <> 'TEMP',,,C_Invoice,Invoice,,org.openbravo.model.common.invoice,3350,Price List,Y,N,N,,,,70,M_PriceList_ID,19,Y,Y,,22,,,DB85A30739C3487988921CE3FFFD3BAD,@Processed@='Y',TableDir,org.openbravo.erpCommon.ad_callouts.SL_Invoice_PriceList
183,Purchase Invoice,290,Header,0,10,C_Invoice.IsSOTrx='N',,,e.salesTransaction=false and e.documentStatus <> 'TEMP',,,C_Invoice,Invoice,,org.openbravo.model.common.invoice,3333,Accounting Date,Y,N,N,,,,80,DateAcct,15,Y,Y,@#Date@,10,,,,@Posted@='Y',Date,org.openbravo.erpCommon.ad_callouts.SE_Invoice_TaxDate
183,Purchase Invoice,290,Header,0,10,C_Invoice.IsSOTrx='N',,,e.salesTransaction=false and e.documentStatus <> 'TEMP',,,C_Invoice,Invoice,,org.openbravo.model.common.invoice,3331,Payment Terms,Y,N,N,,,,90,C_PaymentTerm_ID,19,Y,Y,,22,,,,@Processed@='Y',TableDir,
183,Purchase Invoice,290,Header,0,10,C_Invoice.IsSOTrx='N',,,e.salesTransaction=false and e.documentStatus <> 'TEMP',,,C_Invoice,Invoice,,org.openbravo.model.common.invoice,830698140BCD4AC3E040007F01000289,Payment Method,Y,N,N,,,,100,FIN_Paymentmethod_ID,19,Y,Y,,32,,,FF80808130B107670130B1115F22000D,@Processed@='Y',TableDir,org.openbravo.erpCommon.ad_callouts.SE_Invoice_BPartner
183,Purchase Invoice,290,Header,0,10,C_Invoice.IsSOTrx='N',,,e.salesTransaction=false and e.documentStatus <> 'TEMP',,,C_Invoice,Invoice,,org.openbravo.model.common.invoice,3352,Description,Y,N,N,,,,105,Description,14,N,Y,,255,,,,,Text,
183,Purchase Invoice,290,Header,0,10,C_Invoice.IsSOTrx='N',,,e.salesTransaction=false and e.documentStatus <> 'TEMP',,,C_Invoice,Invoice,,org.openbravo.model.common.invoice,3318,Purchase Order,Y,N,Y,,,,110,C_Order_ID,30,N,N,,60,,,,,Search,
183,Purchase Invoice,290,Header,0,10,C_Invoice.IsSOTrx='N',,,e.salesTransaction=false and e.documentStatus <> 'TEMP',,,C_Invoice,Invoice,,org.openbravo.model.common.invoice,3351,Supplier Reference,Y,N,N,,,,120,POReference,10,N,Y,,20,,,,,String,
183,Purchase Invoice,290,Header,0,10,C_Invoice.IsSOTrx='N',,,e.salesTransaction=false and e.documentStatus <> 'TEMP',,,C_Invoice,Invoice,,org.openbravo.model.common.invoice,3335,Document Status,N,Y,Y,,,,180,DocStatus,17,Y,N,DR,60,,,,,List,
183,Purchase Invoice,290,Header,0,10,C_Invoice.IsSOTrx='N',,,e.salesTransaction=false and e.documentStatus <> 'TEMP',,,C_Invoice,Invoice,,org.openbravo.model.common.invoice,3337,Total Gross Amount,N,Y,Y,,,,190,GrandTotal,12,Y,N,,22,,,,,Amount,
183,Purchase Invoice,290,Header,0,10,C_Invoice.IsSOTrx='N',,,e.salesTransaction=false and e.documentStatus <> 'TEMP',,,C_Invoice,Invoice,,org.openbravo.model.common.invoice,3343,Total Net Amount,N,Y,Y,,,,200,TotalLines,12,Y,N,,22,,,,,Amount,
183,Purchase Invoice,290,Header,0,10,C_Invoice.IsSOTrx='N',,,e.salesTransaction=false and e.documentStatus <> 'TEMP',,,C_Invoice,Invoice,,org.openbravo.model.common.invoice,3328,Currency,N,Y,Y,,,,210,C_Currency_ID,19,Y,Y,@C_Currency_ID@,22,,,,,TableDir,
183,Purchase Invoice,290,Header,0,10,C_Invoice.IsSOTrx='N',,,e.salesTransaction=false and e.documentStatus <> 'TEMP',,,C_Invoice,Invoice,,org.openbravo.model.common.invoice,395D996B2EF6451BBBD304D4233BFC36,Payment Complete,N,Y,Y,@Processed@='Y',,,220,Ispaid,20,Y,N,N,1,,,,,YesNo,
183,Purchase Invoice,290,Header,0,10,C_Invoice.IsSOTrx='N',,,e.salesTransaction=false and e.documentStatus <> 'TEMP',,,C_Invoice,Invoice,,org.openbravo.model.common.invoice,3324,User/Contact,N,N,N,,,,295,AD_User_ID,19,N,Y,,22,,,123,@Processed@='Y',TableDir,
183,Purchase Invoice,290,Header,0,10,C_Invoice.IsSOTrx='N',,,e.salesTransaction=false and e.documentStatus <> 'TEMP',,,C_Invoice,Invoice,,org.openbravo.model.common.invoice,75D3E53684774A14B665838D7CCC33A7,Total Paid,Y,N,Y,@Processed@='Y' & @Ispaid@='N',,,300,Totalpaid,12,Y,N,0,2,,,,,Amount,
183,Purchase Invoice,290,Header,0,10,C_Invoice.IsSOTrx='N',,,e.salesTransaction=false and e.documentStatus <> 'TEMP',,,C_Invoice,Invoice,,org.openbravo.model.common.invoice,96765FC7606648C6841BA794FC08F690,Last Calculated on Date,N,N,Y,@Processed@='Y',,,303,LastCalculatedOnDate,15,N,Y,,10,,,,,Date,
183,Purchase Invoice,290,Header,0,10,C_Invoice.IsSOTrx='N',,,e.salesTransaction=false and e.documentStatus <> 'TEMP',,,C_Invoice,Invoice,,org.openbravo.model.common.invoice,1002100234,Tax Date,N,N,N,,,,310,Taxdate,15,N,Y,,19,,,,,Date,
183,Purchase Invoice,290,Header,0,10,C_Invoice.IsSOTrx='N',,,e.salesTransaction=false and e.documentStatus <> 'TEMP',,,C_Invoice,Invoice,,org.openbravo.model.common.invoice,12C428AA32294335A97B3AAFCF00A7AD,Total Outstanding,Y,N,Y,@Processed@='Y' & @Ispaid@='N',,,310,OutstandingAmt,12,Y,N,0,10,,,,,Amount,
183,Purchase Invoice,290,Header,0,10,C_Invoice.IsSOTrx='N',,,e.salesTransaction=false and e.documentStatus <> 'TEMP',,,C_Invoice,Invoice,,org.openbravo.model.common.invoice,0F5888C3B41142FFAAC11D68CD176C05,Amount Currently Due,Y,N,Y,@Processed@='Y' & @Ispaid@='N',,,320,DueAmt,12,Y,N,0,10,,,,,Amount,
183,Purchase Invoice,290,Header,0,10,C_Invoice.IsSOTrx='N',,,e.salesTransaction=false and e.documentStatus <> 'TEMP',,,C_Invoice,Invoice,,org.openbravo.model.common.invoice,3319,Order Date,N,N,Y,,,,320,DateOrdered,15,N,N,,10,,,,,Date,
183,Purchase Invoice,290,Header,0,10,C_Invoice.IsSOTrx='N',,,e.salesTransaction=false and e.documentStatus <> 'TEMP',,,C_Invoice,Invoice,,org.openbravo.model.common.invoice,8ACBE3091A9E4CF3835A397D1ADC1E16,Days Till Next Due,Y,N,Y,@Processed@='Y' & @Ispaid@='N',,,330,DaysTillDue,11,Y,Y,0,4,,,,,Integer,
183,Purchase Invoice,290,Header,0,10,C_Invoice.IsSOTrx='N',,,e.salesTransaction=false and e.documentStatus <> 'TEMP',,,C_Invoice,Invoice,,org.openbravo.model.common.invoice,3322,Company Agent,N,N,N,,,,330,SalesRep_ID,18,N,Y,,22,,,6F75AF1B05464DD894033D50AEC67310,,Table,
183,Purchase Invoice,290,Header,0,10,C_Invoice.IsSOTrx='N',,,e.salesTransaction=false and e.documentStatus <> 'TEMP',,,C_Invoice,Invoice,,org.openbravo.model.common.invoice,3355,Print Discount,N,N,N,,,,332,IsDiscountPrinted,20,Y,Y,,1,,,,,YesNo,
183,Purchase Invoice,290,Header,0,10,C_Invoice.IsSOTrx='N',,,e.salesTransaction=false and e.documentStatus <> 'TEMP',,,C_Invoice,Invoice,,org.openbravo.model.common.invoice,3329,Document Type,N,N,Y,,,,334,C_DocType_ID,19,Y,N,0,22,,,,,TableDir,
183,Purchase Invoice,290,Header,0,10,C_Invoice.IsSOTrx='N',,,e.salesTransaction=false and e.documentStatus <> 'TEMP',,,C_Invoice,Invoice,,org.openbravo.model.common.invoice,1002100045,Withholdingamount,N,N,Y,@FinancialManagement@='',,,336,Withholdingamount,12,N,Y,,12,,,,,Amount,
183,Purchase Invoice,290,Header,0,10,C_Invoice.IsSOTrx='N',,,e.salesTransaction=false and e.documentStatus <> 'TEMP',,,C_Invoice,Invoice,,org.openbravo.model.common.invoice,1002100233,Withholding,N,N,N,@FinancialManagement@='' ,,,338,C_Withholding_ID,19,N,Y,,12,,,324A9767D9B94A8A8154DEB3ACA6E063,,TableDir,
183,Purchase Invoice,290,Header,0,10,C_Invoice.IsSOTrx='N',,,e.salesTransaction=false and e.documentStatus <> 'TEMP',,,C_Invoice,Invoice,,org.openbravo.model.common.invoice,B1EBCACD0EB4E3F4E040A8C028011B08,Percentage Paid Late,Y,N,Y,@Processed@='Y' & @Totalpaid@!0 & @Percentageoverdue@!0,,,340,Percentageoverdue,11,N,Y,,4,,,,,Integer,
183,Purchase Invoice,290,Header,0,10,C_Invoice.IsSOTrx='N',,,e.salesTransaction=false and e.documentStatus <> 'TEMP',,,C_Invoice,Invoice,,org.openbravo.model.common.invoice,3323,Activity,N,N,N,@$Element_AY@='Y',,,340,C_Activity_ID,19,N,Y,,22,,,,@Posted@='Y',TableDir,
183,Purchase Invoice,290,Header,0,10,C_Invoice.IsSOTrx='N',,,e.salesTransaction=false and e.documentStatus <> 'TEMP',,,C_Invoice,Invoice,,org.openbravo.model.common.invoice,B1EBCACD0EB2E3F4E040A8C028011B08,Paid In Full Date,Y,N,Y,@Processed@='Y' & @Ispaid@='Y',,,350,Finalsettlement,15,N,Y,,19,,,,,Date,
183,Purchase Invoice,290,Header,0,10,C_Invoice.IsSOTrx='N',,,e.salesTransaction=false and e.documentStatus <> 'TEMP',,,C_Invoice,Invoice,,org.openbravo.model.common.invoice,B1EBCACD0EB3E3F4E040A8C028011B08,Days to Pay in Full,Y,N,Y,@Processed@='Y' & @Ispaid@='Y',,,360,Daysoutstanding,11,N,Y,,4,,,,,Integer,
183,Purchase Invoice,290,Header,0,10,C_Invoice.IsSOTrx='N',,,e.salesTransaction=false and e.documentStatus <> 'TEMP',,,C_Invoice,Invoice,,org.openbravo.model.common.invoice,3338,Active,N,N,N,,,,390,IsActive,20,Y,Y,,1,,,,,YesNo,
183,Purchase Invoice,290,Header,0,10,C_Invoice.IsSOTrx='N',,,e.salesTransaction=false and e.documentStatus <> 'TEMP',,,C_Invoice,Invoice,,org.openbravo.model.common.invoice,3346,Charge Amount,N,N,N,,,,400,ChargeAmt,12,N,Y,,22,,,,@Processed@='Y',Amount,
183,Purchase Invoice,290,Header,0,10,C_Invoice.IsSOTrx='N',,,e.salesTransaction=false and e.documentStatus <> 'TEMP',,,C_Invoice,Invoice,,org.openbravo.model.common.invoice,3354,Charge,N,N,N,,,,410,C_Charge_ID,18,N,Y,,22,,,,@Processed@='Y',Table,
183,Purchase Invoice,290,Header,0,10,C_Invoice.IsSOTrx='N',,,e.salesTransaction=false and e.documentStatus <> 'TEMP',,,C_Invoice,Invoice,,org.openbravo.model.common.invoice,4247,Generate Receipt from Invoice,N,N,N,@Processed@='Y',,,430,GenerateTo,28,N,Y,,1,,,,,Button,
183,Purchase Invoice,290,Header,0,10,C_Invoice.IsSOTrx='N',,,e.salesTransaction=false and e.documentStatus <> 'TEMP',,,C_Invoice,Invoice,,org.openbravo.model.common.invoice,6936,Trx Organization,N,N,N,@$Element_OT@='Y',,,440,AD_OrgTrx_ID,18,N,Y,,22,,,,@Processed@='Y',Table,
183,Purchase Invoice,290,Header,0,10,C_Invoice.IsSOTrx='N',,,e.salesTransaction=false and e.documentStatus <> 'TEMP',,,C_Invoice,Invoice,,org.openbravo.model.common.invoice,80D2CCB125DAECE6E040007F01000DDE,Add Payment,Y,N,N,@DocStatus@='CO'& @IsPaid@='N' & (@showAddPayment@='Y' | @showAddPayment@ =''),,,510,EM_APRM_Addpayment,28,N,Y,Y,1,,,,,Button,
183,Purchase Invoice,290,Header,0,10,C_Invoice.IsSOTrx='N',,,e.salesTransaction=false and e.documentStatus <> 'TEMP',,,C_Invoice,Invoice,,org.openbravo.model.common.invoice,3670,Posted,Y,N,N,@Processed@='Y' & @#ShowAcct@='Y',,,530,Posted,28,Y,Y,N,60,,,,,Button,
183,Purchase Invoice,290,Header,0,10,C_Invoice.IsSOTrx='N',,,e.salesTransaction=false and e.documentStatus <> 'TEMP',,,C_Invoice,Invoice,,org.openbravo.model.common.invoice,8B41C09A6C60ECB1E040007F01007817,Process Invoices,Y,N,N,@DocStatus@!'CL'&@DocStatus@!'VO'&@InvoiceProcessButton@='Y',,,540,EM_APRM_Processinvoice,28,N,Y,CO,60,,,,,Button,
183,Purchase Invoice,290,Header,0,10,C_Invoice.IsSOTrx='N',,,e.salesTransaction=false and e.documentStatus <> 'TEMP',,,C_Invoice,Invoice,,org.openbravo.model.common.invoice,3334,Process Invoice,Y,N,N,@DocStatus@!'CL'&@DocStatus@!'VO'&@InvoiceProcessButton@='',,,550,DocAction,28,Y,Y,CO,60,,,,,Button,
183,Purchase Invoice,290,Header,0,10,C_Invoice.IsSOTrx='N',,,e.salesTransaction=false and e.documentStatus <> 'TEMP',,,C_Invoice,Invoice,,org.openbravo.model.common.invoice,E14E8F05BF324E4995C15827626C48B9,Create Lines From Order,Y,N,N,@Processed@='N' & @IsReversalDocument@='N',,,561,Createfromorders,28,N,Y,,1,,,,,Button,
183,Purchase Invoice,290,Header,0,10,C_Invoice.IsSOTrx='N',,,e.salesTransaction=false and e.documentStatus <> 'TEMP',,,C_Invoice,Invoice,,org.openbravo.model.common.invoice,B2EBCFD08E89432E82667FF81A337073,Create Lines From Receipt,Y,N,N,@Processed@='N' & @IsReversalDocument@='N',,,562,Createfrominouts,28,N,Y,,1,,,,,Button,
183,Purchase Invoice,290,Header,0,10,C_Invoice.IsSOTrx='N',,,e.salesTransaction=false and e.documentStatus <> 'TEMP',,,C_Invoice,Invoice,,org.openbravo.model.common.invoice,6532,Copy Lines,Y,N,N,@Processed@='N',,,570,CopyFrom,28,N,Y,,1,,,,,Button,
183,Purchase Invoice,290,Header,0,10,C_Invoice.IsSOTrx='N',,,e.salesTransaction=false and e.documentStatus <> 'TEMP',,,C_Invoice,Invoice,,org.openbravo.model.common.invoice,3332,Project,Y,N,N,@ACCT_DIMENSION_DISPLAY@,,,2000,C_Project_ID,30,N,Y,,60,,,800001,@Posted@='Y',Search,org.openbravo.erpCommon.ad_callouts.SE_Invoice_Project
183,Purchase Invoice,290,Header,0,10,C_Invoice.IsSOTrx='N',,,e.salesTransaction=false and e.documentStatus <> 'TEMP',,,C_Invoice,Invoice,,org.openbravo.model.common.invoice,460A14C02B9F46828E48DA3A6E20AD63,Cost Center,Y,N,N,@ACCT_DIMENSION_DISPLAY@,,,2010,C_Costcenter_ID,95E2A8B50A254B2AAE6774B8C2F28120,N,Y,,32,,,,@Posted@='Y',OBUISEL_Selector Reference,
183,Purchase Invoice,290,Header,0,10,C_Invoice.IsSOTrx='N',,,e.salesTransaction=false and e.documentStatus <> 'TEMP',,,C_Invoice,Invoice,,org.openbravo.model.common.invoice,F9BECDC4B5D043AA80A53E0D3953F896,Asset,N,N,N,@$Element_AS@='Y',,,2020,A_Asset_ID,95E2A8B50A254B2AAE6774B8C2F28120,N,Y,,32,,,,@Posted@='Y',OBUISEL_Selector Reference,
183,Purchase Invoice,290,Header,0,10,C_Invoice.IsSOTrx='N',,,e.salesTransaction=false and e.documentStatus <> 'TEMP',,,C_Invoice,Invoice,,org.openbravo.model.common.invoice,3327,Sales Campaign,Y,N,N,@$Element_MC@='Y',,,2025,C_Campaign_ID,19,N,Y,,22,,,,@Posted@='Y',TableDir,
183,Purchase Invoice,290,Header,0,10,C_Invoice.IsSOTrx='N',,,e.salesTransaction=false and e.documentStatus <> 'TEMP',,,C_Invoice,Invoice,,org.openbravo.model.common.invoice,7796,1st Dimension,Y,N,N,@ACCT_DIMENSION_DISPLAY@,,,2030,User1_ID,95E2A8B50A254B2AAE6774B8C2F28120,N,Y,,32,,,,@Posted@='Y',OBUISEL_Selector Reference,
183,Purchase Invoice,290,Header,0,10,C_Invoice.IsSOTrx='N',,,e.salesTransaction=false and e.documentStatus <> 'TEMP',,,C_Invoice,Invoice,,org.openbravo.model.common.invoice,7797,2nd Dimension,Y,N,N,@ACCT_DIMENSION_DISPLAY@,,,2040,User2_ID,95E2A8B50A254B2AAE6774B8C2F28120,N,Y,,32,,,,@Posted@='Y',OBUISEL_Selector Reference,
183,Purchase Invoice,290,Header,0,10,C_Invoice.IsSOTrx='N',,,e.salesTransaction=false and e.documentStatus <> 'TEMP',,,C_Invoice,Invoice,,org.openbravo.model.common.invoice,6843062540404D50810D45927D4C7E8F,Prepayment Amount,Y,Y,Y,,,,2070,Prepaymentamt,12,Y,Y,0,22,,,,,Amount,
183,Purchase Invoice,290,Header,0,10,C_Invoice.IsSOTrx='N',,,e.salesTransaction=false and e.documentStatus <> 'TEMP',,,C_Invoice,Invoice,,org.openbravo.model.common.invoice,EC64EEA85CC540E2AF125464CEE80F1D,Bulk Completion,Y,N,N,@DocStatus@!'CL'&@DocStatus@!'VO'&@InvoiceProcessButton@='Y',,,2100,EM_Etblkc_Bulkcompletion,28,Y,Y,N,1,,,,,Button,
183,Purchase Invoice,290,Header,0,10,C_Invoice.IsSOTrx='N',,,e.salesTransaction=false and e.documentStatus <> 'TEMP',,,C_Invoice,Invoice,,org.openbravo.model.common.invoice,3349,Sales Transaction,N,N,N,,,,,IsSOTrx,20,Y,N,@IsSOTrx@,1,,,,,YesNo,
183,Purchase Invoice,290,Header,0,10,C_Invoice.IsSOTrx='N',,,e.salesTransaction=false and e.documentStatus <> 'TEMP',,,C_Invoice,Invoice,,org.openbravo.model.common.invoice,3347,Date printed,N,N,N,,,,,DatePrinted,15,N,Y,,10,,,,,Date,
183,Purchase Invoice,290,Header,0,10,C_Invoice.IsSOTrx='N',,,e.salesTransaction=false and e.documentStatus <> 'TEMP',,,C_Invoice,Invoice,,org.openbravo.model.common.invoice,3342,Process Invoice,N,N,N,,,,,Processing,28,N,Y,,1,,,,,Button,
183,Purchase Invoice,290,Header,0,10,C_Invoice.IsSOTrx='N',,,e.salesTransaction=false and e.documentStatus <> 'TEMP',,,C_Invoice,Invoice,,org.openbravo.model.common.invoice,3341,Processed,N,N,N,,,,,Processed,20,Y,N,,1,,,,,YesNo,
183,Purchase Invoice,290,Header,0,10,C_Invoice.IsSOTrx='N',,,e.salesTransaction=false and e.documentStatus <> 'TEMP',,,C_Invoice,Invoice,,org.openbravo.model.common.invoice,3330,Invoice,N,N,N,,,,,C_Invoice_ID,13,Y,N,,32,,,,,ID,
183,Purchase Invoice,290,Header,0,10,C_Invoice.IsSOTrx='N',,,e.salesTransaction=false and e.documentStatus <> 'TEMP',,,C_Invoice,Invoice,,org.openbravo.model.common.invoice,3320,Client,N,N,N,,,,,AD_Client_ID,19,Y,N,@AD_CLIENT_ID@,22,,,,@Processed@='Y',TableDir,
183,Purchase Invoice,290,Header,0,10,C_Invoice.IsSOTrx='N',,,e.salesTransaction=false and e.documentStatus <> 'TEMP',,,C_Invoice,Invoice,,org.openbravo.model.common.invoice,1002100033,Creation Date,N,N,N,,,,,Created,16,Y,N,,19,,,,,DateTime,
183,Purchase Invoice,290,Header,0,10,C_Invoice.IsSOTrx='N',,,e.salesTransaction=false and e.documentStatus <> 'TEMP',,,C_Invoice,Invoice,,org.openbravo.model.common.invoice,6533,Self-Service,N,N,Y,,,,,IsSelfService,20,Y,Y,,1,,,,,YesNo,
183,Purchase Invoice,290,Header,0,10,C_Invoice.IsSOTrx='N',,,e.salesTransaction=false and e.documentStatus <> 'TEMP',,,C_Invoice,Invoice,,org.openbravo.model.common.invoice,3356,Print,N,N,N,,,,,IsPrinted,20,Y,N,,1,,,,,YesNo,
183,Purchase Invoice,291,Lines,1,20,,,,,lineNo,,C_InvoiceLine,InvoiceLine,,org.openbravo.model.common.invoice,3369,Line No.,Y,N,N,,,,10,Line,11,Y,Y,"@SQL=SELECT COALESCE(MAX(Line),0)+10 AS DefaultValue FROM C_InvoiceLine WHERE C_Invoice_ID=@C_Invoice_ID@",10,,,,@Processed@='Y',Integer,
183,Purchase Invoice,291,Lines,1,20,,,,,lineNo,,C_InvoiceLine,InvoiceLine,,org.openbravo.model.common.invoice,6F97699F8F2B4B5EBC615D1AEA209254,Financial Invoice Line,Y,N,N,,,,15,Financial_Invoice_Line,20,Y,Y,N,1,,,,@Processed@='Y',YesNo,
183,Purchase Invoice,291,Lines,1,20,,,,,lineNo,,C_InvoiceLine,InvoiceLine,,org.openbravo.model.common.invoice,3371,Product,Y,N,N,@Financial_Invoice_Line@='N',,,20,M_Product_ID,95E2A8B50A254B2AAE6774B8C2F28120,N,Y,,60,,,,@Processed@='Y',OBUISEL_Selector Reference,org.openbravo.erpCommon.ad_callouts.SL_Invoice_Product
183,Purchase Invoice,291,Lines,1,20,,,,,lineNo,,C_InvoiceLine,InvoiceLine,,org.openbravo.model.common.invoice,02F393A7547048E09FF54061D551EBB6,Account,Y,N,N,@Financial_Invoice_Line@='Y',,,22,Account_ID,18,N,Y,,32,,,58401EEE65CC4551BEC649A16FA16479,@Processed@='Y',Table,org.openbravo.erpCommon.ad_callouts.SL_Invoice_Glitem
183,Purchase Invoice,291,Lines,1,20,,,,,lineNo,,C_InvoiceLine,InvoiceLine,,org.openbravo.model.common.invoice,6C8CF4874B2D472B9739EBF2B991B261,Operative Quantity,Y,N,N,@M_Product_Uom_Id@='' & @Financial_Invoice_Line@='N',@UomManagement@='Y',,25,Aumqty,29,N,Y,,2,,,,@Processed@='Y',Quantity,org.openbravo.erpCommon.ad_callouts.OperativeQuantity_To_BaseQuantity
183,Purchase Invoice,291,Lines,1,20,,,,,lineNo,,C_InvoiceLine,InvoiceLine,,org.openbravo.model.common.invoice,46444B10EB114EE9BC44D5141EDA41F3,Alternative UOM,Y,N,N,@M_Product_Uom_Id@='' & @Financial_Invoice_Line@='N',@UomManagement@='Y',,27,C_Aum,18,N,Y,,32,,,5ABEE0829BD24BFB9BA454E607825821,@Processed@='Y',Table,org.openbravo.erpCommon.ad_callouts.OperativeQuantity_To_BaseQuantity
183,Purchase Invoice,291,Lines,1,20,,,,,lineNo,,C_InvoiceLine,InvoiceLine,,org.openbravo.model.common.invoice,3374,Invoiced Quantity,Y,N,N,,,,30,QtyInvoiced,29,Y,Y,1,10,,,,@Processed@='Y' | (@UomManagement@='Y' & @Financial_Invoice_Line@='N'),Quantity,org.openbravo.erpCommon.ad_callouts.SL_Invoice_Amt
183,Purchase Invoice,291,Lines,1,20,,,,,lineNo,,C_InvoiceLine,InvoiceLine,,org.openbravo.model.common.invoice,3365,UOM,Y,N,Y,,,,40,C_UOM_ID,19,N,Y,,22,,,,@Processed@='Y' | (@UomManagement@='Y' & @Financial_Invoice_Line@='N'),TableDir,
183,Purchase Invoice,291,Lines,1,20,,,,,lineNo,,C_InvoiceLine,InvoiceLine,,org.openbravo.model.common.invoice,3372,Net Unit Price,Y,N,N,,,,50,PriceActual,800008,Y,Y,,22,,,,@Processed@='Y'|@GROSSPRICE@='Y',Price,org.openbravo.erpCommon.ad_callouts.SL_Invoice_Amt
183,Purchase Invoice,291,Lines,1,20,,,,,lineNo,,C_InvoiceLine,InvoiceLine,,org.openbravo.model.common.invoice,F8F7E13646FE4C6283B40E0C0CF46AA2,Gross Unit Price,Y,N,N,@GROSSPRICE@='Y',,,55,Gross_Unit_Price,800008,N,Y,0,12,,,,@Processed@='Y'|@GROSSPRICE@='N',Price,org.openbravo.erpCommon.ad_callouts.SL_Invoice_Amt
183,Purchase Invoice,291,Lines,1,20,,,,,lineNo,,C_InvoiceLine,InvoiceLine,,org.openbravo.model.common.invoice,3370,Line Net Amount,Y,N,N,,,,60,LineNetAmt,12,Y,Y,,22,,,,@Iseditlinenetamt@='N' | @Processed@='Y',Amount,org.openbravo.erpCommon.ad_callouts.SL_Invoice_Amt
183,Purchase Invoice,291,Lines,1,20,,,,,lineNo,,C_InvoiceLine,InvoiceLine,,org.openbravo.model.common.invoice,D675A1322C8543CEB95A6D9E39813E38,Line Gross Amount,Y,N,Y,@GROSSPRICE@='Y',,,65,Line_Gross_Amount,12,N,Y,0,12,,,,,Amount,
183,Purchase Invoice,291,Lines,1,20,,,,,lineNo,,C_InvoiceLine,InvoiceLine,,org.openbravo.model.common.invoice,3366,Description,Y,N,N,,,,70,Description,14,N,Y,,2000,,,,,Text,
183,Purchase Invoice,291,Lines,1,20,,,,,lineNo,,C_InvoiceLine,InvoiceLine,,org.openbravo.model.common.invoice,3364,Tax,Y,N,N,,,,75,C_Tax_ID,18,N,Y,,22,,,5BEA56148DC74215A63927481BDC0B63,@Processed@='Y',Table,org.openbravo.erpCommon.ad_callouts.SL_Invoice_Amt
183,Purchase Invoice,291,Lines,1,20,,,,,lineNo,,C_InvoiceLine,InvoiceLine,,org.openbravo.model.common.invoice,3373,List Price,Y,N,N,@GROSSPRICE@='N',,,80,PriceList,800008,Y,Y,,22,,,,@Processed@='Y',Price,
183,Purchase Invoice,291,Lines,1,20,,,,,lineNo,,C_InvoiceLine,InvoiceLine,,org.openbravo.model.common.invoice,B74CB1E3F3CF4097A36379103AD7CBC8,Gross List Price,Y,N,Y,@GROSSPRICE@='Y',,,85,Grosspricelist,800008,Y,Y,,22,,,,@Processed@='Y',Price,
183,Purchase Invoice,291,Lines,1,20,,,,,lineNo,,C_InvoiceLine,InvoiceLine,,org.openbravo.model.common.invoice,6534,Attribute Set Value,Y,N,N,(@ATTRIBUTESET@!''&@ATTRSETVALUETYPE@!'F')|(@M_AttributeSetInstance_ID@!''&@M_AttributeSetInstance_ID@!'0'),,,110,M_AttributeSetInstance_ID,35,N,Y,,22,,,,@Processed@='Y',PAttribute,
183,Purchase Invoice,291,Lines,1,20,,,,,lineNo,,C_InvoiceLine,InvoiceLine,,org.openbravo.model.common.invoice,3363,Purchase Order Line,Y,N,Y,,,,120,C_OrderLine_ID,30,N,Y,,60,,,,,Search,
183,Purchase Invoice,291,Lines,1,20,,,,,lineNo,,C_InvoiceLine,InvoiceLine,,org.openbravo.model.common.invoice,3357,Goods Receipt Line,Y,N,Y,,,,130,M_InOutLine_ID,30,N,Y,,60,,,,,Search,
183,Purchase Invoice,291,Lines,1,20,,,,,lineNo,,C_InvoiceLine,InvoiceLine,,org.openbravo.model.common.invoice,9FECB1400499432C879FBC51BACAC881,Deferred Expense,Y,N,N,@M_PRODUCT_ID@!'',,,135,IsDeferred,20,Y,Y,N,1,,,,@Posted@='Y',YesNo,
183,Purchase Invoice,291,Lines,1,20,,,,,lineNo,,C_InvoiceLine,InvoiceLine,,org.openbravo.model.common.invoice,7E35F16BB0F9C186E040007F010014C7,Alternate Taxable Amount,Y,N,N,@UsesAlternate@='Y',,,140,Taxbaseamt,12,N,Y,,12,,,,@Processed@='Y',Amount,
183,Purchase Invoice,291,Lines,1,20,,,,,lineNo,,C_InvoiceLine,InvoiceLine,,org.openbravo.model.common.invoice,1002100036,Exclude for Withholding,N,N,N,,,,150,Excludeforwithholding,20,N,Y,,1,,,,,YesNo,
183,Purchase Invoice,291,Lines,1,20,,,,,lineNo,,C_InvoiceLine,InvoiceLine,,org.openbravo.model.common.invoice,6C50F0BA9E0C43F0813C0D2F9E0D70A8,Edit Line Net Amount,N,N,N,,,,180,Iseditlinenetamt,20,N,Y,N,1,,,,@Processed@='Y',YesNo,
183,Purchase Invoice,291,Lines,1,20,,,,,lineNo,,C_InvoiceLine,InvoiceLine,,org.openbravo.model.common.invoice,800027,Order Quantity,N,N,N,(@HASSECONDUOM@=1 & @UomManagement@!'Y')  | (@UomManagement@='Y' & @M_Product_Uom_Id@!''),,,190,QuantityOrder,29,N,Y,,10,,,,@Processed@='Y',Quantity,org.openbravo.erpCommon.ad_callouts.SL_Invoice_Conversion
183,Purchase Invoice,291,Lines,1,20,,,,,lineNo,,C_InvoiceLine,InvoiceLine,,org.openbravo.model.common.invoice,800028,Order UOM,N,N,N,(@HASSECONDUOM@=1 & @UomManagement@!'Y')  | (@UomManagement@='Y' & @M_Product_Uom_Id@!''),,,200,M_Product_Uom_Id,18,N,Y,,22,,,,@Processed@='Y',Table,org.openbravo.erpCommon.ad_callouts.SL_Invoice_Conversion
183,Purchase Invoice,291,Lines,1,20,,,,,lineNo,,C_InvoiceLine,InvoiceLine,,org.openbravo.model.common.invoice,84CDA3E579B54F1386A5627F4CF18CD6,Base Gross Unit Price,Y,N,Y,@GROSSPRICE@='Y',,,210,grosspricestd,800008,Y,Y,0,12,,,,,Price,
183,Purchase Invoice,291,Lines,1,20,,,,,lineNo,,C_InvoiceLine,InvoiceLine,,org.openbravo.model.common.invoice,801520,Base Net Unit Price,Y,N,Y,@GROSSPRICE@='N',,,215,PriceStd,800008,Y,Y,0,12,,,,,Price,
183,Purchase Invoice,291,Lines,1,20,,,,,lineNo,,C_InvoiceLine,InvoiceLine,,org.openbravo.model.common.invoice,1AB24770F4C7424FACD04690BA10685A,Expense Plan Type,Y,N,N,@isdeferred@='Y',,,260,DefPlanType,17,N,Y,,60,,,,@Posted@='Y',List,
183,Purchase Invoice,291,Lines,1,20,,,,,lineNo,,C_InvoiceLine,InvoiceLine,,org.openbravo.model.common.invoice,0819CD3BF85E41EAAD4E80E27174095D,Period Number,Y,N,N,@isdeferred@='Y',,,280,Periodnumber,11,N,Y,,2,,,,@Posted@='Y',Integer,
183,Purchase Invoice,291,Lines,1,20,,,,,lineNo,,C_InvoiceLine,InvoiceLine,,org.openbravo.model.common.invoice,4B536D8ED0CB480BA1A0D5526FCE202F,Period,Y,N,N,@isdeferred@='Y',,,290,C_Period_ID,18,N,Y,,32,,,E0541EB2493547BC934F5EFA044AB668,@Posted@='Y',Table,
183,Purchase Invoice,291,Lines,1,20,,,,,lineNo,,C_InvoiceLine,InvoiceLine,,org.openbravo.model.common.invoice,3359,Organization,Y,N,N,@ACCT_DIMENSION_DISPLAY@,,,1900,AD_Org_ID,19,Y,Y,@AD_Org_ID@,22,,,53AE60A473D2460D8663D7A1BC5BA732,@Processed@='Y',TableDir,
183,Purchase Invoice,291,Lines,1,20,,,,,lineNo,,C_InvoiceLine,InvoiceLine,,org.openbravo.model.common.invoice,8643B2FF17844F2CA6E39623C4903BDA,Business Partner,Y,N,N,@ACCT_DIMENSION_DISPLAY@,,,2000,C_Bpartner_ID,30,N,Y,,32,,,,@Processed@='Y',Search,
183,Purchase Invoice,291,Lines,1,20,,,,,lineNo,,C_InvoiceLine,InvoiceLine,,org.openbravo.model.common.invoice,56813CDAA3044DFEA338D94A246878A2,Project,Y,N,N,@ACCT_DIMENSION_DISPLAY@,,,2010,C_Project_ID,30,N,Y,,32,,,,@Posted@='Y',Search,
183,Purchase Invoice,291,Lines,1,20,,,,,lineNo,,C_InvoiceLine,InvoiceLine,,org.openbravo.model.common.invoice,B3221314B53C45C5A96B30C3E7198DE6,Cost Center,Y,N,N,@ACCT_DIMENSION_DISPLAY@,,,2020,C_Costcenter_ID,95E2A8B50A254B2AAE6774B8C2F28120,N,Y,,32,,,,@Posted@='Y',OBUISEL_Selector Reference,
183,Purchase Invoice,291,Lines,1,20,,,,,lineNo,,C_InvoiceLine,InvoiceLine,,org.openbravo.model.common.invoice,8C71B571868E439BBFC42B11779C0115,Asset,Y,N,N,@$Element_AS@='Y',,,2030,A_Asset_ID,95E2A8B50A254B2AAE6774B8C2F28120,N,Y,,32,,,,@Posted@='Y',OBUISEL_Selector Reference,
183,Purchase Invoice,291,Lines,1,20,,,,,lineNo,,C_InvoiceLine,InvoiceLine,,org.openbravo.model.common.invoice,B5BAA69CBA214AC4A487CE9FE7110D22,1st Dimension,Y,N,N,@ACCT_DIMENSION_DISPLAY@,,,2040,User1_ID,95E2A8B50A254B2AAE6774B8C2F28120,N,Y,,32,,,,@Posted@='Y',OBUISEL_Selector Reference,
183,Purchase Invoice,291,Lines,1,20,,,,,lineNo,,C_InvoiceLine,InvoiceLine,,org.openbravo.model.common.invoice,E0757BAE4BC64E79811F27CA69078E3E,2nd Dimension,Y,N,N,@ACCT_DIMENSION_DISPLAY@,,,2050,User2_ID,95E2A8B50A254B2AAE6774B8C2F28120,N,Y,,32,,,,@Posted@='Y',OBUISEL_Selector Reference,
183,Purchase Invoice,291,Lines,1,20,,,,,lineNo,,C_InvoiceLine,InvoiceLine,,org.openbravo.model.common.invoice,D5C2F8F063FCD47CE040007F01004029,Explode,Y,N,N,@IsStocked@='N' & @isBOM@='Y' & @explode@!'Y' & @Processed@='N',,,2060,Explode,28,N,Y,,1,,,,,Button,
183,Purchase Invoice,291,Lines,1,20,,,,,lineNo,,C_InvoiceLine,InvoiceLine,,org.openbravo.model.common.invoice,D5C2F8F063FDD47CE040007F01004029,BOM_Parent_ID,N,N,N,,,,2070,BOM_Parent_ID,30,N,Y,,32,,,,,Search,
183,Purchase Invoice,291,Lines,1,20,,,,,lineNo,,C_InvoiceLine,InvoiceLine,,org.openbravo.model.common.invoice,0204598C8B71C2D9E050007F010065CF,Match LC Costs,Y,N,N, @Processed@='Y' & @LC_MATCHED@ = 'N',,,2080,Match_Lccosts,28,N,Y,,1,,,,,Button,
183,Purchase Invoice,291,Lines,1,20,,,,,lineNo,,C_InvoiceLine,InvoiceLine,,org.openbravo.model.common.invoice,3362,Invoice,N,N,Y,,,,,C_Invoice_ID,30,Y,N,,60,,,,,Search,
183,Purchase Invoice,291,Lines,1,20,,,,,lineNo,,C_InvoiceLine,InvoiceLine,,org.openbravo.model.common.invoice,1002100035,Creation Date,N,N,N,,,,,Created,16,Y,N,,19,,,,,DateTime,
183,Purchase Invoice,291,Lines,1,20,,,,,lineNo,,C_InvoiceLine,InvoiceLine,,org.openbravo.model.common.invoice,801519,Promotion/Discount,N,N,N,,,,,M_Offer_ID,95E2A8B50A254B2AAE6774B8C2F28120,N,Y,,10,,,,,OBUISEL_Selector Reference,
183,Purchase Invoice,291,Lines,1,20,,,,,lineNo,,C_InvoiceLine,InvoiceLine,,org.openbravo.model.common.invoice,801332,Project Line,N,N,N,,,,,C_Projectline_ID,30,N,N,,60,,,,,Search,
183,Purchase Invoice,291,Lines,1,20,,,,,lineNo,,C_InvoiceLine,InvoiceLine,,org.openbravo.model.common.invoice,801331,Invoice discount,N,N,N,,,,,C_Invoice_Discount_ID,30,N,N,,60,,,,,Search,
183,Purchase Invoice,291,Lines,1,20,,,,,lineNo,,C_InvoiceLine,InvoiceLine,,org.openbravo.model.common.invoice,3358,Client,N,N,N,,,,,AD_Client_ID,19,Y,N,@AD_Client_ID@,22,,,,@Processed@='Y',TableDir,
183,Purchase Invoice,291,Lines,1,20,,,,,lineNo,,C_InvoiceLine,InvoiceLine,,org.openbravo.model.common.invoice,8244,Description Only,N,N,N,,,,,IsDescription,20,Y,Y,N,1,,,,,YesNo,
183,Purchase Invoice,291,Lines,1,20,,,,,lineNo,,C_InvoiceLine,InvoiceLine,,org.openbravo.model.common.invoice,5387,Resource Assignment,N,N,N,,,,,S_ResourceAssignment_ID,33,N,N,,22,,,,,Assignment,
183,Purchase Invoice,291,Lines,1,20,,,,,lineNo,,C_InvoiceLine,InvoiceLine,,org.openbravo.model.common.invoice,3528,Price Limit,N,N,N,,,,,PriceLimit,800008,Y,Y,,22,,,,@Processed@='Y',Price,
183,Purchase Invoice,291,Lines,1,20,,,,,lineNo,,C_InvoiceLine,InvoiceLine,,org.openbravo.model.common.invoice,3361,Invoice Line,N,N,N,,,,,C_InvoiceLine_ID,13,Y,N,,32,,,,,ID,
183,Purchase Invoice,291,Lines,1,20,,,,,lineNo,,C_InvoiceLine,InvoiceLine,,org.openbravo.model.common.invoice,3367,Active,N,N,N,,,,,IsActive,20,Y,Y,,1,,,,,YesNo,
183,Purchase Invoice,27456D8A387F4580B30EA784C63831BB,Line Tax,2,27,,C_InvoiceLineTax.Line,,,lineNo,,C_InvoiceLineTax,InvoiceLineTax,,org.openbravo.model.ad.access,7E595A11D63F446FE040007F010052E9,Active,Y,N,N,,,,10,Isactive,20,Y,Y,Y,1,,,,,YesNo,
183,Purchase Invoice,27456D8A387F4580B30EA784C63831BB,Line Tax,2,27,,C_InvoiceLineTax.Line,,,lineNo,,C_InvoiceLineTax,InvoiceLineTax,,org.openbravo.model.ad.access,7E595A11D640446FE040007F010052E9,Line No.,Y,N,N,,,,20,Line,11,Y,Y,"@SQL=SELECT COALESCE(MAX(LINE),0)+10 AS DefaultValue FROM C_INVOICELINETAX WHERE C_INVOICELINE_ID=@C_InvoiceLine_ID@",12,,,,,Integer,
183,Purchase Invoice,27456D8A387F4580B30EA784C63831BB,Line Tax,2,27,,C_InvoiceLineTax.Line,,,lineNo,,C_InvoiceLineTax,InvoiceLineTax,,org.openbravo.model.ad.access,7E595A11D63E446FE040007F010052E9,Tax,Y,N,N,,,,30,C_Tax_ID,19,Y,Y,,32,,,,,TableDir,
183,Purchase Invoice,27456D8A387F4580B30EA784C63831BB,Line Tax,2,27,,C_InvoiceLineTax.Line,,,lineNo,,C_InvoiceLineTax,InvoiceLineTax,,org.openbravo.model.ad.access,7E595A11D643446FE040007F010052E9,Taxable Amount,Y,N,N,,,,40,Taxbaseamt,12,Y,Y,0,12,,,,,Amount,
183,Purchase Invoice,27456D8A387F4580B30EA784C63831BB,Line Tax,2,27,,C_InvoiceLineTax.Line,,,lineNo,,C_InvoiceLineTax,InvoiceLineTax,,org.openbravo.model.ad.access,7E595A11D642446FE040007F010052E9,Tax Amount,Y,N,N,,,,50,Taxamt,12,Y,Y,0,12,,,,,Amount,
183,Purchase Invoice,27456D8A387F4580B30EA784C63831BB,Line Tax,2,27,,C_InvoiceLineTax.Line,,,lineNo,,C_InvoiceLineTax,InvoiceLineTax,,org.openbravo.model.ad.access,7E595A11D63B446FE040007F010052E9,InvoiceLineTax,N,N,N,,,,,C_InvoiceLineTax_ID,13,Y,N,,32,,,,,ID,
183,Purchase Invoice,27456D8A387F4580B30EA784C63831BB,Line Tax,2,27,,C_InvoiceLineTax.Line,,,lineNo,,C_InvoiceLineTax,InvoiceLineTax,,org.openbravo.model.ad.access,7E595A11D63D446FE040007F010052E9,Invoice Line,N,N,N,,,,,C_Invoiceline_ID,30,Y,N,,32,,,,,Search,
183,Purchase Invoice,27456D8A387F4580B30EA784C63831BB,Line Tax,2,27,,C_InvoiceLineTax.Line,,,lineNo,,C_InvoiceLineTax,InvoiceLineTax,,org.openbravo.model.ad.access,7E595A11D63C446FE040007F010052E9,Invoice,N,N,N,,,,,C_Invoice_ID,95E2A8B50A254B2AAE6774B8C2F28120,Y,Y,,32,,,,,OBUISEL_Selector Reference,
183,Purchase Invoice,27456D8A387F4580B30EA784C63831BB,Line Tax,2,27,,C_InvoiceLineTax.Line,,,lineNo,,C_InvoiceLineTax,InvoiceLineTax,,org.openbravo.model.ad.access,7E595A11D639446FE040007F010052E9,Client,N,N,N,,,,,AD_Client_ID,19,Y,N,@AD_CLIENT_ID@,32,,,103,,TableDir,
183,Purchase Invoice,27456D8A387F4580B30EA784C63831BB,Line Tax,2,27,,C_InvoiceLineTax.Line,,,lineNo,,C_InvoiceLineTax,InvoiceLineTax,,org.openbravo.model.ad.access,7E595A11D63A446FE040007F010052E9,Organization,N,N,N,,,,,AD_Org_ID,19,Y,N,@AD_ORG_ID@,32,,,104,,TableDir,
183,Purchase Invoice,27456D8A387F4580B30EA784C63831BB,Line Tax,2,27,,C_InvoiceLineTax.Line,,,lineNo,,C_InvoiceLineTax,InvoiceLineTax,,org.openbravo.model.ad.access,7E595A11D641446FE040007F010052E9,Recalculate,N,N,N,,,,,Recalculate,20,Y,Y,N,1,,,,,YesNo,
183,Purchase Invoice,292,Tax,1,30,,C_InvoiceTax.Line,,,lineNo,,C_InvoiceTax,InvoiceTax,,org.openbravo.model.common.invoice,803564,Line No.,Y,N,N,,,,10,Line,11,N,Y,"@SQL=SELECT COALESCE(MAX(LINE),0)+10 AS DefaultValue FROM C_INVOICETAX WHERE C_Invoice_ID=@C_Invoice_ID@",12,,,,,Integer,
183,Purchase Invoice,292,Tax,1,30,,C_InvoiceTax.Line,,,lineNo,,C_InvoiceTax,InvoiceTax,,org.openbravo.model.common.invoice,3378,Tax,Y,N,N,,,,20,C_Tax_ID,19,Y,Y,,22,,,,@Processed@='Y' | @Recalculate@='Y',TableDir,
183,Purchase Invoice,292,Tax,1,30,,C_InvoiceTax.Line,,,lineNo,,C_InvoiceTax,InvoiceTax,,org.openbravo.model.common.invoice,3380,Tax Amount,Y,N,N,,,,30,TaxAmt,12,Y,Y,,22,,,,@Processed@='Y' | @Recalculate@='Y',Amount,org.openbravo.erpCommon.ad_callouts.SL_InvoiceTax_Amt
183,Purchase Invoice,292,Tax,1,30,,C_InvoiceTax.Line,,,lineNo,,C_InvoiceTax,InvoiceTax,,org.openbravo.model.common.invoice,3381,Taxable Amount,Y,N,N,,,,40,TaxBaseAmt,12,Y,Y,,22,,,,@Processed@='Y' | @Recalculate@='Y',Amount,org.openbravo.erpCommon.ad_callouts.SL_InvoiceTax_Amt
183,Purchase Invoice,292,Tax,1,30,,C_InvoiceTax.Line,,,lineNo,,C_InvoiceTax,InvoiceTax,,org.openbravo.model.common.invoice,804122,Recalculate,Y,N,Y,,,,50,Recalculate,20,Y,N,N,1,,,,,YesNo,
183,Purchase Invoice,292,Tax,1,30,,C_InvoiceTax.Line,,,lineNo,,C_InvoiceTax,InvoiceTax,,org.openbravo.model.common.invoice,3377,Organization,N,N,N,,,,,AD_Org_ID,19,Y,Y,@AD_Org_ID@,22,,,,@Processed@='Y',TableDir,
183,Purchase Invoice,292,Tax,1,30,,C_InvoiceTax.Line,,,lineNo,,C_InvoiceTax,InvoiceTax,,org.openbravo.model.common.invoice,3379,Active,N,N,N,,,,,IsActive,20,Y,Y,,1,,,,,YesNo,
183,Purchase Invoice,292,Tax,1,30,,C_InvoiceTax.Line,,,lineNo,,C_InvoiceTax,InvoiceTax,,org.openbravo.model.common.invoice,3382,Invoice,N,N,Y,,,,,C_Invoice_ID,30,Y,N,,60,,,,,Search,
183,Purchase Invoice,292,Tax,1,30,,C_InvoiceTax.Line,,,lineNo,,C_InvoiceTax,InvoiceTax,,org.openbravo.model.common.invoice,804124,C_InvoiceTax_ID,N,N,N,,,,,C_InvoiceTax_ID,13,Y,N,,32,,,,,ID,
183,Purchase Invoice,292,Tax,1,30,,C_InvoiceTax.Line,,,lineNo,,C_InvoiceTax,InvoiceTax,,org.openbravo.model.common.invoice,3376,Client,N,N,N,,,,,AD_Client_ID,19,Y,N,@AD_Client_ID@,22,,,,@Processed@='Y',TableDir,
183,Purchase Invoice,800211,Basic Discounts,1,31,,,,,lineNo,,C_Invoice_Discount,InvoiceDiscount,,org.openbravo.model.common.invoice,803301,Line No.,Y,N,N,,,,10,Line,11,Y,Y,"@SQL=SELECT COALESCE(MAX(LINE),0)+10 AS DefaultValue FROM C_INVOICE_DISCOUNT WHERE C_INVOICE_ID=@C_INVOICE_ID@",10,,,,@Processed@='Y',Integer,
183,Purchase Invoice,800211,Basic Discounts,1,31,,,,,lineNo,,C_Invoice_Discount,InvoiceDiscount,,org.openbravo.model.common.invoice,803300,Basic Discount,Y,N,N,,,,20,C_Discount_ID,19,Y,Y,,12,,,,@Processed@='Y',TableDir,
183,Purchase Invoice,800211,Basic Discounts,1,31,,,,,lineNo,,C_Invoice_Discount,InvoiceDiscount,,org.openbravo.model.common.invoice,803302,Cascade,Y,N,N,,,,30,Cascade,20,Y,Y,N,1,,,,,YesNo,
183,Purchase Invoice,800211,Basic Discounts,1,31,,,,,lineNo,,C_Invoice_Discount,InvoiceDiscount,,org.openbravo.model.common.invoice,803298,Active,Y,N,N,,,,40,IsActive,20,Y,Y,Y,1,,,,@Processed@='Y',YesNo,
183,Purchase Invoice,800211,Basic Discounts,1,31,,,,,lineNo,,C_Invoice_Discount,InvoiceDiscount,,org.openbravo.model.common.invoice,803295,Invoice discount,N,N,N,,,,,C_Invoice_Discount_ID,13,Y,N,,32,,,,,ID,
183,Purchase Invoice,800211,Basic Discounts,1,31,,,,,lineNo,,C_Invoice_Discount,InvoiceDiscount,,org.openbravo.model.common.invoice,803296,Client,N,N,Y,,,,,AD_Client_ID,19,Y,N,@AD_CLIENT_ID@,12,,,,,TableDir,
183,Purchase Invoice,800211,Basic Discounts,1,31,,,,,lineNo,,C_Invoice_Discount,InvoiceDiscount,,org.openbravo.model.common.invoice,803297,Organization,N,N,N,,,,,AD_Org_ID,19,Y,Y,@AD_ORG_ID@,12,,,,@Processed@='Y',TableDir,
183,Purchase Invoice,800211,Basic Discounts,1,31,,,,,lineNo,,C_Invoice_Discount,InvoiceDiscount,,org.openbravo.model.common.invoice,803299,Invoice,N,N,Y,,,,,C_Invoice_ID,30,Y,N,,60,,,,,Search,
183,Purchase Invoice,7A8D43541F8C49F1BD8A431A0041BF89,Payment Plan,1,40,,,,,,,FIN_Payment_Schedule,FIN_PaymentSchedule,,org.openbravo.model.financialmgmt.payment,AC9D3BD86F7841E5AA6A1F0FB94A3903,Organization,N,N,N,,,,10,AD_Org_ID,19,Y,N,@AD_ORG_ID@,32,,,104,,TableDir,
183,Purchase Invoice,7A8D43541F8C49F1BD8A431A0041BF89,Payment Plan,1,40,,,,,,,FIN_Payment_Schedule,FIN_PaymentSchedule,,org.openbravo.model.financialmgmt.payment,4893E02395A849A38221EE08E191F832,Invoice,N,N,N,,,,20,C_Invoice_ID,30,Y,N,,32,,,,,Search,
183,Purchase Invoice,7A8D43541F8C49F1BD8A431A0041BF89,Payment Plan,1,40,,,,,,,FIN_Payment_Schedule,FIN_PaymentSchedule,,org.openbravo.model.financialmgmt.payment,995689CC18304C3C8709D826F459F780,Due Date,Y,Y,Y,,,,30,Duedate,15,Y,N,,19,,,,,Date,
183,Purchase Invoice,7A8D43541F8C49F1BD8A431A0041BF89,Payment Plan,1,40,,,,,,,FIN_Payment_Schedule,FIN_PaymentSchedule,,org.openbravo.model.financialmgmt.payment,2224A72A74ED41E8AB02F64BB8C3637E,Original Due Date,N,N,Y,,,,30,OrigDueDate,15,N,N,,19,,,,,Date,
183,Purchase Invoice,7A8D43541F8C49F1BD8A431A0041BF89,Payment Plan,1,40,,,,,,,FIN_Payment_Schedule,FIN_PaymentSchedule,,org.openbravo.model.financialmgmt.payment,879364DC86FE43209C7A6D742B0C2638,Expected Date,Y,N,N,,,,40,ExpectedDate,15,Y,Y,,19,,,,,Date,
183,Purchase Invoice,7A8D43541F8C49F1BD8A431A0041BF89,Payment Plan,1,40,,,,,,,FIN_Payment_Schedule,FIN_PaymentSchedule,,org.openbravo.model.financialmgmt.payment,21644DC7696149F7B2236E430EBAA3FE,Payment Method,Y,N,Y,,,,50,Fin_Paymentmethod_ID,19,Y,Y,,32,,,,,TableDir,
183,Purchase Invoice,7A8D43541F8C49F1BD8A431A0041BF89,Payment Plan,1,40,,,,,,,FIN_Payment_Schedule,FIN_PaymentSchedule,,org.openbravo.model.financialmgmt.payment,01AD50AC5B6B498BBF27CE93423B9DDF,Expected Amount,Y,N,Y,,,,70,Amount,12,Y,Y,0,22,,,,,Amount,
183,Purchase Invoice,7A8D43541F8C49F1BD8A431A0041BF89,Payment Plan,1,40,,,,,,,FIN_Payment_Schedule,FIN_PaymentSchedule,,org.openbravo.model.financialmgmt.payment,703DD824D7964547AD25DE823941AC0D,Paid Amount,Y,N,Y,,,,80,Paidamt,12,Y,Y,0,22,,,,,Amount,
183,Purchase Invoice,7A8D43541F8C49F1BD8A431A0041BF89,Payment Plan,1,40,,,,,,,FIN_Payment_Schedule,FIN_PaymentSchedule,,org.openbravo.model.financialmgmt.payment,B5EC7451D85F43C2A71AA09E0CFC9897,Outstanding Amount,Y,N,Y,,,,90,Outstandingamt,12,Y,Y,0,22,,,,,Amount,
183,Purchase Invoice,7A8D43541F8C49F1BD8A431A0041BF89,Payment Plan,1,40,,,,,,,FIN_Payment_Schedule,FIN_PaymentSchedule,,org.openbravo.model.financialmgmt.payment,083435807CD34CF5BC18C251FDC3E5A7,Currency,Y,N,Y,,,,100,C_Currency_ID,19,Y,Y,,32,,,,,TableDir,
183,Purchase Invoice,7A8D43541F8C49F1BD8A431A0041BF89,Payment Plan,1,40,,,,,,,FIN_Payment_Schedule,FIN_PaymentSchedule,,org.openbravo.model.financialmgmt.payment,35D7F2568D814BACB67CD1334504315C,Update Payment Plan,N,N,Y,,,,110,Update_Payment_Plan,28,N,Y,Y,1,,,,,Button,
183,Purchase Invoice,7A8D43541F8C49F1BD8A431A0041BF89,Payment Plan,1,40,,,,,,,FIN_Payment_Schedule,FIN_PaymentSchedule,,org.openbravo.model.financialmgmt.payment,CA377E70DDF94717A95CDF5390BD0B5A,Active,N,N,N,,,,130,Isactive,20,N,Y,Y,1,,,,,YesNo,
183,Purchase Invoice,7A8D43541F8C49F1BD8A431A0041BF89,Payment Plan,1,40,,,,,,,FIN_Payment_Schedule,FIN_PaymentSchedule,,org.openbravo.model.financialmgmt.payment,A135CD50436C4E97808E6F7ABAC1E1E8,Last Payment Date,Y,N,Y,,,,140,LastPaymentDate,15,N,Y,,10,,,,,Date,
183,Purchase Invoice,7A8D43541F8C49F1BD8A431A0041BF89,Payment Plan,1,40,,,,,,,FIN_Payment_Schedule,FIN_PaymentSchedule,,org.openbravo.model.financialmgmt.payment,7BEE6B79F37842A6B081F6B1A547CB92,Days Overdue,Y,N,Y,,,,150,daysOverDue,11,N,N,,10,,,,,Integer,
183,Purchase Invoice,7A8D43541F8C49F1BD8A431A0041BF89,Payment Plan,1,40,,,,,,,FIN_Payment_Schedule,FIN_PaymentSchedule,,org.openbravo.model.financialmgmt.payment,3D119899DC29456B9A325EDCDC3F8E4F,Number of Payments,Y,N,Y,,,,160,NumberOfPayments,11,N,Y,,10,,,,,Integer,
183,Purchase Invoice,7A8D43541F8C49F1BD8A431A0041BF89,Payment Plan,1,40,,,,,,,FIN_Payment_Schedule,FIN_PaymentSchedule,,org.openbravo.model.financialmgmt.payment,615A2985577F4F189F2C00ED7AEB96B8,Description,Y,N,N,,,,190,Description,14,N,Y,,255,,,,,Text,
183,Purchase Invoice,7A8D43541F8C49F1BD8A431A0041BF89,Payment Plan,1,40,,,,,,,FIN_Payment_Schedule,FIN_PaymentSchedule,,org.openbravo.model.financialmgmt.payment,68EC5C17B9FE4B02AD45D0F83AE618B6,Modify Payment Plan,N,N,N,@DocStatus@='CO'&@IsPaid@='N',,,230,EM_Aprm_Modif_Paym_Out_Sched,28,N,Y,N,1,,,,,Button,
183,Purchase Invoice,7A8D43541F8C49F1BD8A431A0041BF89,Payment Plan,1,40,,,,,,,FIN_Payment_Schedule,FIN_PaymentSchedule,,org.openbravo.model.financialmgmt.payment,AB2C1E5D27E04F15B498B00D1885E771,Client,N,N,N,,,,,AD_Client_ID,19,Y,N,@AD_CLIENT_ID@,32,,,103,,TableDir,
183,Purchase Invoice,7A8D43541F8C49F1BD8A431A0041BF89,Payment Plan,1,40,,,,,,,FIN_Payment_Schedule,FIN_PaymentSchedule,,org.openbravo.model.financialmgmt.payment,54486FF4083A441CA9AA109054C94AAC,Fin_Payment_Schedule_ID,N,N,N,,,,,Fin_Payment_Schedule_ID,13,Y,N,,32,,,,,ID,
183,Purchase Invoice,9817E22E2536417F8C9AEC8D5FA33E18,Payment Details,2,50,FIN_Payment_ScheduleDetail.FIN_Payment_Detail_ID IS NOT NULL,,,e.paymentDetails is not null,,,FIN_Payment_ScheduleDetail,FIN_PaymentScheduleDetail,,org.openbravo.model.financialmgmt.payment,9DCF04377DDD41CB9FCCD02D8A8AB892,Organization,N,N,N,,,,10,AD_Org_ID,19,Y,N,@AD_ORG_ID@,32,,,104,,TableDir,
183,Purchase Invoice,9817E22E2536417F8C9AEC8D5FA33E18,Payment Details,2,50,FIN_Payment_ScheduleDetail.FIN_Payment_Detail_ID IS NOT NULL,,,e.paymentDetails is not null,,,FIN_Payment_ScheduleDetail,FIN_PaymentScheduleDetail,,org.openbravo.model.financialmgmt.payment,B9EBDA3909C946CFB6EDBC371E88AB60,Payment Details,N,N,N,,,,20,FIN_Payment_Detail_ID,19,Y,N,,32,,,,,TableDir,
183,Purchase Invoice,9817E22E2536417F8C9AEC8D5FA33E18,Payment Details,2,50,FIN_Payment_ScheduleDetail.FIN_Payment_Detail_ID IS NOT NULL,,,e.paymentDetails is not null,,,FIN_Payment_ScheduleDetail,FIN_PaymentScheduleDetail,,org.openbravo.model.financialmgmt.payment,05319D4150334838A56B43FC8FD319D9,Order Payment Schedule,N,N,N,,,,30,FIN_Payment_Schedule_Order,18,N,Y,,32,,,,,Table,
183,Purchase Invoice,9817E22E2536417F8C9AEC8D5FA33E18,Payment Details,2,50,FIN_Payment_ScheduleDetail.FIN_Payment_Detail_ID IS NOT NULL,,,e.paymentDetails is not null,,,FIN_Payment_ScheduleDetail,FIN_PaymentScheduleDetail,,org.openbravo.model.financialmgmt.payment,1065705985A540BFB37026D396243878,Invoice Payment Schedule,N,N,N,,,,40,FIN_Payment_Schedule_Invoice,18,N,Y,,32,,,,,Table,
183,Purchase Invoice,9817E22E2536417F8C9AEC8D5FA33E18,Payment Details,2,50,FIN_Payment_ScheduleDetail.FIN_Payment_Detail_ID IS NOT NULL,,,e.paymentDetails is not null,,,FIN_Payment_ScheduleDetail,FIN_PaymentScheduleDetail,,org.openbravo.model.financialmgmt.payment,B62C63760FA84CCDB4E6B056A7AA5EBE,Received Amount,Y,N,N,,,,50,Amount,12,Y,Y,0,12,,,,,Amount,
183,Purchase Invoice,9817E22E2536417F8C9AEC8D5FA33E18,Payment Details,2,50,FIN_Payment_ScheduleDetail.FIN_Payment_Detail_ID IS NOT NULL,,,e.paymentDetails is not null,,,FIN_Payment_ScheduleDetail,FIN_PaymentScheduleDetail,,org.openbravo.model.financialmgmt.payment,52C40CC226AA4510A4850D00396D06A6,Active,N,N,N,,,,60,Isactive,20,N,Y,Y,1,,,,,YesNo,
183,Purchase Invoice,9817E22E2536417F8C9AEC8D5FA33E18,Payment Details,2,50,FIN_Payment_ScheduleDetail.FIN_Payment_Detail_ID IS NOT NULL,,,e.paymentDetails is not null,,,FIN_Payment_ScheduleDetail,FIN_PaymentScheduleDetail,,org.openbravo.model.financialmgmt.payment,8475599FC04C45EF97F290DE08C334A4,Write-off Amount,Y,N,N,,,,70,Writeoffamt,12,N,Y,0,12,,,,,Amount,
183,Purchase Invoice,9817E22E2536417F8C9AEC8D5FA33E18,Payment Details,2,50,FIN_Payment_ScheduleDetail.FIN_Payment_Detail_ID IS NOT NULL,,,e.paymentDetails is not null,,,FIN_Payment_ScheduleDetail,FIN_PaymentScheduleDetail,,org.openbravo.model.financialmgmt.payment,AFF7991175A1482A8AF00D4AAC0ADFFB,Business Partner,N,N,N,,,,90,C_Bpartner_ID,30,N,Y,,32,,,,,Search,
183,Purchase Invoice,9817E22E2536417F8C9AEC8D5FA33E18,Payment Details,2,50,FIN_Payment_ScheduleDetail.FIN_Payment_Detail_ID IS NOT NULL,,,e.paymentDetails is not null,,,FIN_Payment_ScheduleDetail,FIN_PaymentScheduleDetail,,org.openbravo.model.financialmgmt.payment,A83E9DB82D434C29957B4332BDAE95FB,Activity,N,N,N,,,,100,C_Activity_ID,95E2A8B50A254B2AAE6774B8C2F28120,N,Y,,32,,,,,OBUISEL_Selector Reference,
183,Purchase Invoice,9817E22E2536417F8C9AEC8D5FA33E18,Payment Details,2,50,FIN_Payment_ScheduleDetail.FIN_Payment_Detail_ID IS NOT NULL,,,e.paymentDetails is not null,,,FIN_Payment_ScheduleDetail,FIN_PaymentScheduleDetail,,org.openbravo.model.financialmgmt.payment,BF5ECD0CD97B4855B2C076312691CA44,Product,N,N,N,,,,110,M_Product_ID,30,N,Y,,32,,,,,Search,
183,Purchase Invoice,9817E22E2536417F8C9AEC8D5FA33E18,Payment Details,2,50,FIN_Payment_ScheduleDetail.FIN_Payment_Detail_ID IS NOT NULL,,,e.paymentDetails is not null,,,FIN_Payment_ScheduleDetail,FIN_PaymentScheduleDetail,,org.openbravo.model.financialmgmt.payment,24DA2B0424B542FCA94328A4E01C5CE5,Sales Campaign,N,N,N,,,,120,C_Campaign_ID,95E2A8B50A254B2AAE6774B8C2F28120,N,Y,,32,,,,,OBUISEL_Selector Reference,
183,Purchase Invoice,9817E22E2536417F8C9AEC8D5FA33E18,Payment Details,2,50,FIN_Payment_ScheduleDetail.FIN_Payment_Detail_ID IS NOT NULL,,,e.paymentDetails is not null,,,FIN_Payment_ScheduleDetail,FIN_PaymentScheduleDetail,,org.openbravo.model.financialmgmt.payment,6100B2A9701942FC9717D3F6FDB0D6B2,Project,N,N,N,,,,130,C_Project_ID,30,N,Y,,32,,,,,Search,
183,Purchase Invoice,9817E22E2536417F8C9AEC8D5FA33E18,Payment Details,2,50,FIN_Payment_ScheduleDetail.FIN_Payment_Detail_ID IS NOT NULL,,,e.paymentDetails is not null,,,FIN_Payment_ScheduleDetail,FIN_PaymentScheduleDetail,,org.openbravo.model.financialmgmt.payment,0A88008339C64166B3CD39E3357531B2,Sales Region,N,N,N,,,,140,C_Salesregion_ID,95E2A8B50A254B2AAE6774B8C2F28120,N,Y,,32,,,,,OBUISEL_Selector Reference,
183,Purchase Invoice,9817E22E2536417F8C9AEC8D5FA33E18,Payment Details,2,50,FIN_Payment_ScheduleDetail.FIN_Payment_Detail_ID IS NOT NULL,,,e.paymentDetails is not null,,,FIN_Payment,FIN_Payment,,org.openbravo.model.financialmgmt.payment,4BBE86A40070422CB644510F93C92F81,Payment Date,Y,N,N,,,,150,Paymentdate,15,N,Y,@#Date@,19,,,,@Processed@='Y' & @status@!'RPAE',Date,org.openbravo.erpCommon.ad_callouts.SE_Payment_MultiCurrency
183,Purchase Invoice,9817E22E2536417F8C9AEC8D5FA33E18,Payment Details,2,50,FIN_Payment_ScheduleDetail.FIN_Payment_Detail_ID IS NOT NULL,,,e.paymentDetails is not null,,,FIN_Payment,FIN_Payment,,org.openbravo.model.financialmgmt.payment,87648124688D47868755BD65CBE1D76B,Document No.,Y,N,N,,,,170,DocumentNo,10,Y,Y,,30,,,,@Processed@='Y',String,
183,Purchase Invoice,9817E22E2536417F8C9AEC8D5FA33E18,Payment Details,2,50,FIN_Payment_ScheduleDetail.FIN_Payment_Detail_ID IS NOT NULL,,,e.paymentDetails is not null,,,FIN_Payment,FIN_Payment,,org.openbravo.model.financialmgmt.payment,C7E24D9667F3409D8BF616EA3E52AD6D,Payment Method,Y,N,N,,,,180,Fin_Paymentmethod_ID,19,Y,Y,,32,,,FF80808130B107670130B118E5F60020,@Processed@='Y' & @status@!'RPAE',TableDir,org.openbravo.erpCommon.ad_callouts.SE_PaymentMethod_FinAccount
183,Purchase Invoice,9817E22E2536417F8C9AEC8D5FA33E18,Payment Details,2,50,FIN_Payment_ScheduleDetail.FIN_Payment_Detail_ID IS NOT NULL,,,e.paymentDetails is not null,,,FIN_Payment_Schedule,FIN_PaymentSchedule,,org.openbravo.model.financialmgmt.payment,B08222B91CBF4893B17CE41B7E3BFA73,Amount,Y,N,N,,,,190,Amount,12,Y,Y,0,22,,,,,Amount,
183,Purchase Invoice,9817E22E2536417F8C9AEC8D5FA33E18,Payment Details,2,50,FIN_Payment_ScheduleDetail.FIN_Payment_Detail_ID IS NOT NULL,,,e.paymentDetails is not null,,,FIN_Payment,FIN_Payment,,org.openbravo.model.financialmgmt.payment,7C1AEEC39D5F4C5A971AE56EF0F9ADB8,Financial Account,Y,N,N,,,,200,Fin_Financial_Account_ID,19,Y,Y,,32,,,6910516E0A54432CA2E6A0C058346F92,@Processed@='Y' & @status@!'RPAE',TableDir,org.openbravo.erpCommon.ad_callouts.SE_Payment_FinAccount
183,Purchase Invoice,9817E22E2536417F8C9AEC8D5FA33E18,Payment Details,2,50,FIN_Payment_ScheduleDetail.FIN_Payment_Detail_ID IS NOT NULL,,,e.paymentDetails is not null,,,FIN_Payment,FIN_Payment,,org.openbravo.model.financialmgmt.payment,35F1AB9B102341EF9B9EB6AB5018839B,Status,Y,N,N,,,,210,Status,17,Y,Y,RPAP,40,,,B3DF10D5093140319BB2FBD43E5D8C47,,List,
183,Purchase Invoice,9817E22E2536417F8C9AEC8D5FA33E18,Payment Details,2,50,FIN_Payment_ScheduleDetail.FIN_Payment_Detail_ID IS NOT NULL,,,e.paymentDetails is not null,,,FIN_Payment_ScheduleDetail,FIN_PaymentScheduleDetail,,org.openbravo.model.financialmgmt.payment,233BB14B83864173A87AB9D3F328E0BA,Canceled,Y,N,Y,,,,220,Iscanceled,20,Y,Y,N,1,,,,,YesNo,
183,Purchase Invoice,9817E22E2536417F8C9AEC8D5FA33E18,Payment Details,2,50,FIN_Payment_ScheduleDetail.FIN_Payment_Detail_ID IS NOT NULL,,,e.paymentDetails is not null,,,FIN_Payment_Detail,FIN_PaymentDetail,,org.openbravo.model.financialmgmt.payment,4C3D2B4E7CD14390BF20A8FB5474EE32,Payment,Y,N,Y,,,,230,Fin_Payment_ID,19,Y,N,,32,,,,,TableDir,
183,Purchase Invoice,9817E22E2536417F8C9AEC8D5FA33E18,Payment Details,2,50,FIN_Payment_ScheduleDetail.FIN_Payment_Detail_ID IS NOT NULL,,,e.paymentDetails is not null,,,FIN_Payment_ScheduleDetail,FIN_PaymentScheduleDetail,,org.openbravo.model.financialmgmt.payment,E215E9D7AE7B4C12E040007F01001D97,Invoice Paid,Y,N,N,@InvoicePaidStatus@='Y',,,240,Isinvoicepaid,20,Y,Y,N,1,,,,,YesNo,
183,Purchase Invoice,9817E22E2536417F8C9AEC8D5FA33E18,Payment Details,2,50,FIN_Payment_ScheduleDetail.FIN_Payment_Detail_ID IS NOT NULL,,,e.paymentDetails is not null,,,FIN_Payment_ScheduleDetail,FIN_PaymentScheduleDetail,,org.openbravo.model.financialmgmt.payment,6073AD930DD34DB0B565174C9267D59F,Payment Schedule Detail,N,N,N,,,,,FIN_Payment_Scheduledetail_ID,13,Y,N,,32,,,,,ID,
183,Purchase Invoice,9817E22E2536417F8C9AEC8D5FA33E18,Payment Details,2,50,FIN_Payment_ScheduleDetail.FIN_Payment_Detail_ID IS NOT NULL,,,e.paymentDetails is not null,,,FIN_Payment_ScheduleDetail,FIN_PaymentScheduleDetail,,org.openbravo.model.financialmgmt.payment,2EF25450CDCF438A82291B1CBD1B151B,Client,N,N,N,,,,,AD_Client_ID,19,Y,N,@AD_CLIENT_ID@,32,,,103,,TableDir,
183,Purchase Invoice,3ED38B380CD849B38F0AC1B52F992C34,Reversed Invoices,1,80,,,,,,,C_Invoice_Reverse,ReversedInvoice,,org.openbravo.model.common.invoice,73A0528DBCE4F38BE040007F01011E2B,Reversed Invoice,Y,N,N,,,,10,Reversed_C_Invoice_ID,30,Y,Y,,32,,,,@Processed@='Y',Search,
183,Purchase Invoice,3ED38B380CD849B38F0AC1B52F992C34,Reversed Invoices,1,80,,,,,,,C_Invoice_Reverse,ReversedInvoice,,org.openbravo.model.common.invoice,73A0528DBCE7F38BE040007F01011E2B,Invoice,N,N,Y,,,,,C_Invoice_ID,19,Y,N,,32,,,,,TableDir,
183,Purchase Invoice,3ED38B380CD849B38F0AC1B52F992C34,Reversed Invoices,1,80,,,,,,,C_Invoice_Reverse,ReversedInvoice,,org.openbravo.model.common.invoice,73A0528DBCE9F38BE040007F01011E2B,Active,N,N,N,,,,,Isactive,20,Y,Y,Y,1,,,,@Processed@='Y',YesNo,
183,Purchase Invoice,3ED38B380CD849B38F0AC1B52F992C34,Reversed Invoices,1,80,,,,,,,C_Invoice_Reverse,ReversedInvoice,,org.openbravo.model.common.invoice,73A0528DBCE8F38BE040007F01011E2B,Reversed Invoice,N,N,N,,,,,C_Invoice_Reverse_ID,13,Y,N,,32,,,,,ID,
183,Purchase Invoice,3ED38B380CD849B38F0AC1B52F992C34,Reversed Invoices,1,80,,,,,,,C_Invoice_Reverse,ReversedInvoice,,org.openbravo.model.common.invoice,73A0528DBCE6F38BE040007F01011E2B,Organization,N,N,Y,,,,,AD_Org_ID,19,Y,N,@AD_ORG_ID@,32,,,104,,TableDir,
183,Purchase Invoice,3ED38B380CD849B38F0AC1B52F992C34,Reversed Invoices,1,80,,,,,,,C_Invoice_Reverse,ReversedInvoice,,org.openbravo.model.common.invoice,73A0528DBCE5F38BE040007F01011E2B,Client,N,N,Y,,,,,AD_Client_ID,19,Y,N,@AD_CLIENT_ID@,32,,,103,,TableDir,
183,Purchase Invoice,FF808181308EA4230130901AB2C60090,Exchange rates,1,90,,,,,,,C_Conversion_Rate_Document,ConversionRateDoc,,org.openbravo.model.common.currency,0BC36659B639428091471EDF44AECDB3,Organization,N,N,Y,,,,10,AD_Org_ID,19,Y,N,@AD_ORG_ID@,32,,,,@HASREVERSEDINVOICESO@='Y' | @HASREVERSEDINVOICEPO@='Y' | @Posted@='Y',TableDir,
183,Purchase Invoice,FF808181308EA4230130901AB2C60090,Exchange rates,1,90,,,,,,,C_Conversion_Rate_Document,ConversionRateDoc,,org.openbravo.model.common.currency,46E1B4C116A74C60922D0BF20F9E0CA6,Active,Y,N,N,,,,30,Isactive,20,Y,Y,Y,1,,,,@HASREVERSEDINVOICESO@='Y' | @HASREVERSEDINVOICEPO@='Y' | @Posted@='Y',YesNo,
183,Purchase Invoice,FF808181308EA4230130901AB2C60090,Exchange rates,1,90,,,,,,,C_Conversion_Rate_Document,ConversionRateDoc,,org.openbravo.model.common.currency,AD44BF4F571E4D5BA903DE7AE04CCBBD,Currency,Y,N,Y,,,,40,C_Currency_ID,19,Y,N,,32,,,FF8081813092D5DC013092DD70AD000C,@HASREVERSEDINVOICESO@='Y' | @HASREVERSEDINVOICEPO@='Y' | @Posted@='Y',TableDir,
183,Purchase Invoice,FF808181308EA4230130901AB2C60090,Exchange rates,1,90,,,,,,,C_Conversion_Rate_Document,ConversionRateDoc,,org.openbravo.model.common.currency,DD5E804736694C56B73DF097C6B94F3A,To Currency,Y,N,N,,,,50,C_Currency_Id_To,18,Y,Y,,32,,,FF8081813088DED301308AB9CF0101D2,@HASREVERSEDINVOICESO@='Y' | @HASREVERSEDINVOICEPO@='Y' | @Posted@='Y',Table,
183,Purchase Invoice,FF808181308EA4230130901AB2C60090,Exchange rates,1,90,,,,,,,C_Conversion_Rate_Document,ConversionRateDoc,,org.openbravo.model.common.currency,CDB44BC768524004A512F12675BF9399,Invoice,N,N,Y,,,,60,C_Invoice_ID,19,N,Y,,32,,,,@HASREVERSEDINVOICESO@='Y' | @HASREVERSEDINVOICEPO@='Y' | @Posted@='Y',TableDir,
183,Purchase Invoice,FF808181308EA4230130901AB2C60090,Exchange rates,1,90,,,,,,,C_Conversion_Rate_Document,ConversionRateDoc,,org.openbravo.model.common.currency,9B6EF14BCA764FBC81B1B96BBF2998DD,Payment,N,N,N,,,,70,FIN_Payment_ID,19,N,Y,,32,,,,@HASREVERSEDINVOICESO@='Y' | @HASREVERSEDINVOICEPO@='Y' | @Posted@='Y',TableDir,
183,Purchase Invoice,FF808181308EA4230130901AB2C60090,Exchange rates,1,90,,,,,,,C_Conversion_Rate_Document,ConversionRateDoc,,org.openbravo.model.common.currency,C29FFBD81441464C9060F1DDB22A31BE,Financial Account Transaction,N,N,N,,,,80,aprm_finacc_transaction_v_id,30,N,Y,,32,,,,@HASREVERSEDINVOICESO@='Y' | @HASREVERSEDINVOICEPO@='Y' | @Posted@='Y',Search,
183,Purchase Invoice,FF808181308EA4230130901AB2C60090,Exchange rates,1,90,,,,,,,C_Conversion_Rate_Document,ConversionRateDoc,,org.openbravo.model.common.currency,86962595AE2549F3AC2610136D923609,Rate,Y,N,N,,,,90,Rate,800019,N,Y,,10,,,,@HASREVERSEDINVOICESO@='Y' | @HASREVERSEDINVOICEPO@='Y' | @Posted@='Y',General Quantity,org.openbravo.erpCommon.ad_callouts.SE_CalculateExchangeRate
183,Purchase Invoice,FF808181308EA4230130901AB2C60090,Exchange rates,1,90,,,,,,,C_Conversion_Rate_Document,ConversionRateDoc,,org.openbravo.model.common.currency,6CF54A4998744CA19E2FCE10D5328C99,Foreign  Amount,Y,N,N,,,,100,Foreign_Amount,12,Y,Y,0,15,,,,@HASREVERSEDINVOICESO@='Y' | @HASREVERSEDINVOICEPO@='Y' | @Posted@='Y',Amount,org.openbravo.erpCommon.ad_callouts.SE_CalculateExchangeRate
183,Purchase Invoice,FF808181308EA4230130901AB2C60090,Exchange rates,1,90,,,,,,,C_Conversion_Rate_Document,ConversionRateDoc,,org.openbravo.model.common.currency,314063F0A4874101996EAAA47B0BC638,C_Conversion_Rate_Document_ID,N,N,N,,,,,C_Conversion_Rate_Document_ID,13,Y,N,,32,,,,@Posted@='Y',ID,
183,Purchase Invoice,FF808181308EA4230130901AB2C60090,Exchange rates,1,90,,,,,,,C_Conversion_Rate_Document,ConversionRateDoc,,org.openbravo.model.common.currency,F4B7F4884ECC428BBAE473CF680A109E,Client,N,N,N,,,,,AD_Client_ID,19,Y,N,@AD_CLIENT_ID@,32,,,,@HASREVERSEDINVOICESO@='Y' | @HASREVERSEDINVOICEPO@='Y' | @Posted@='Y',TableDir,
183,Purchase Invoice,6EE02C9681A74406A129F1D96D022BA4,Accounting,1,100,,,,e.table.id = '318' and e.recordID = @Invoice.id@,"accountingSchema.name, accountingDate, abs(debit) desc, credit desc, value",,Fact_Acct,AccountingFact,,org.openbravo.model.financialmgmt.accounting,35621A7FEEEC4C299EC858FA9BBDF6B0,Client,N,N,Y,,,,10,AD_Client_ID,19,Y,N,@AD_CLIENT_ID@,22,,,,,TableDir,
183,Purchase Invoice,6EE02C9681A74406A129F1D96D022BA4,Accounting,1,100,,,,e.table.id = '318' and e.recordID = @Invoice.id@,"accountingSchema.name, accountingDate, abs(debit) desc, credit desc, value",,Fact_Acct,AccountingFact,,org.openbravo.model.financialmgmt.accounting,8A61EB93450C4C92872AB15882E5B3BA,Organization,Y,N,Y,,,,20,AD_Org_ID,19,Y,Y,@AD_Org_ID@,22,,,,,TableDir,
183,Purchase Invoice,6EE02C9681A74406A129F1D96D022BA4,Accounting,1,100,,,,e.table.id = '318' and e.recordID = @Invoice.id@,"accountingSchema.name, accountingDate, abs(debit) desc, credit desc, value",,Fact_Acct,AccountingFact,,org.openbravo.model.financialmgmt.accounting,9B52A4A216954C2B843C9AC609BB3173,Active,N,N,Y,,,,30,IsActive,20,Y,N,,1,,,,,YesNo,
183,Purchase Invoice,6EE02C9681A74406A129F1D96D022BA4,Accounting,1,100,,,,e.table.id = '318' and e.recordID = @Invoice.id@,"accountingSchema.name, accountingDate, abs(debit) desc, credit desc, value",,Fact_Acct,AccountingFact,,org.openbravo.model.financialmgmt.accounting,5A55A099F40B47FF9FA101BA5C9EC7E8,Record ID,N,N,Y,,,,40,Record_ID,14,Y,N,,32,,,,,Text,
183,Purchase Invoice,6EE02C9681A74406A129F1D96D022BA4,Accounting,1,100,,,,e.table.id = '318' and e.recordID = @Invoice.id@,"accountingSchema.name, accountingDate, abs(debit) desc, credit desc, value",,Fact_Acct,AccountingFact,,org.openbravo.model.financialmgmt.accounting,C90C1607FB824DC9906126A47E571B35,General Ledger,Y,N,Y,,,,60,C_AcctSchema_ID,19,Y,N,,22,,,,,TableDir,
183,Purchase Invoice,6EE02C9681A74406A129F1D96D022BA4,Accounting,1,100,,,,e.table.id = '318' and e.recordID = @Invoice.id@,"accountingSchema.name, accountingDate, abs(debit) desc, credit desc, value",,Fact_Acct,AccountingFact,,org.openbravo.model.financialmgmt.accounting,8F16F835CDF143DC87AA1A08444FB756,Currency,Y,N,Y,,,,70,C_Currency_ID,19,Y,N,,22,,,,,TableDir,
183,Purchase Invoice,6EE02C9681A74406A129F1D96D022BA4,Accounting,1,100,,,,e.table.id = '318' and e.recordID = @Invoice.id@,"accountingSchema.name, accountingDate, abs(debit) desc, credit desc, value",,Fact_Acct,AccountingFact,,org.openbravo.model.financialmgmt.accounting,383FA46EEEE84253B00652BDBF6D8975,Period,Y,N,Y,,,,80,C_Period_ID,19,Y,N,,22,,,,,TableDir,
183,Purchase Invoice,6EE02C9681A74406A129F1D96D022BA4,Accounting,1,100,,,,e.table.id = '318' and e.recordID = @Invoice.id@,"accountingSchema.name, accountingDate, abs(debit) desc, credit desc, value",,Fact_Acct,AccountingFact,,org.openbravo.model.financialmgmt.accounting,D0A835646C55482E9F2E49BA0C20C8D9,Accounting Date,Y,N,Y,,,,90,DateAcct,15,Y,N,,10,,,,,Date,
183,Purchase Invoice,6EE02C9681A74406A129F1D96D022BA4,Accounting,1,100,,,,e.table.id = '318' and e.recordID = @Invoice.id@,"accountingSchema.name, accountingDate, abs(debit) desc, credit desc, value",,Fact_Acct,AccountingFact,,org.openbravo.model.financialmgmt.accounting,F910DABE498E4121BBA999D602F31EAB,Sequence Number,N,N,Y,,,,100,SeqNo,11,Y,Y,,12,,,,,Integer,
183,Purchase Invoice,6EE02C9681A74406A129F1D96D022BA4,Accounting,1,100,,,,e.table.id = '318' and e.recordID = @Invoice.id@,"accountingSchema.name, accountingDate, abs(debit) desc, credit desc, value",,Fact_Acct,AccountingFact,,org.openbravo.model.financialmgmt.accounting,B56B9008CB3247548B051799AE9D68C4,Account,Y,N,Y,,,,100,Account_ID,30,Y,N,,22,,,,,Search,
183,Purchase Invoice,6EE02C9681A74406A129F1D96D022BA4,Accounting,1,100,,,,e.table.id = '318' and e.recordID = @Invoice.id@,"accountingSchema.name, accountingDate, abs(debit) desc, credit desc, value",,Fact_Acct,AccountingFact,,org.openbravo.model.financialmgmt.accounting,0952F038461D4C05A602A23F92FEB7BC,Value,N,N,Y,,,,110,AcctValue,10,N,Y,,40,,,,,String,
183,Purchase Invoice,6EE02C9681A74406A129F1D96D022BA4,Accounting,1,100,,,,e.table.id = '318' and e.recordID = @Invoice.id@,"accountingSchema.name, accountingDate, abs(debit) desc, credit desc, value",,Fact_Acct,AccountingFact,,org.openbravo.model.financialmgmt.accounting,401E9F4F11E24D958A8979FB0F32E010,Accounting entry Description,N,N,Y,,,,120,AcctDescription,10,N,Y,,255,,,,,String,
183,Purchase Invoice,6EE02C9681A74406A129F1D96D022BA4,Accounting,1,100,,,,e.table.id = '318' and e.recordID = @Invoice.id@,"accountingSchema.name, accountingDate, abs(debit) desc, credit desc, value",,Fact_Acct,AccountingFact,,org.openbravo.model.financialmgmt.accounting,F4412981A5884ACC9D57607699C75689,Debit,Y,N,Y,,,,130,AmtAcctDr,12,Y,N,,22,,,,,Amount,
183,Purchase Invoice,6EE02C9681A74406A129F1D96D022BA4,Accounting,1,100,,,,e.table.id = '318' and e.recordID = @Invoice.id@,"accountingSchema.name, accountingDate, abs(debit) desc, credit desc, value",,Fact_Acct,AccountingFact,,org.openbravo.model.financialmgmt.accounting,6AB4A98CC727497B93A0600EBA2CA286,Credit,Y,N,Y,,,,140,AmtAcctCr,12,Y,N,,22,,,,,Amount,
183,Purchase Invoice,6EE02C9681A74406A129F1D96D022BA4,Accounting,1,100,,,,e.table.id = '318' and e.recordID = @Invoice.id@,"accountingSchema.name, accountingDate, abs(debit) desc, credit desc, value",,Fact_Acct,AccountingFact,,org.openbravo.model.financialmgmt.accounting,2E6B68F1E15D4D328B3EE84FEF227D04,Description,Y,N,N,,,,150,Description,10,N,Y,,255,,,,,String,
183,Purchase Invoice,6EE02C9681A74406A129F1D96D022BA4,Accounting,1,100,,,,e.table.id = '318' and e.recordID = @Invoice.id@,"accountingSchema.name, accountingDate, abs(debit) desc, credit desc, value",,Fact_Acct,AccountingFact,,org.openbravo.model.financialmgmt.accounting,2066FEBD09BA499F8A6440BBDC9A3798,Business Partner,Y,N,Y,,,,160,C_BPartner_ID,30,N,N,,60,,,,,Search,
183,Purchase Invoice,6EE02C9681A74406A129F1D96D022BA4,Accounting,1,100,,,,e.table.id = '318' and e.recordID = @Invoice.id@,"accountingSchema.name, accountingDate, abs(debit) desc, credit desc, value",,Fact_Acct,AccountingFact,,org.openbravo.model.financialmgmt.accounting,1E175D9A66C54D5FA75C599E73503120,Product,Y,N,Y,,,,170,M_Product_ID,30,N,N,,60,,,,,Search,
183,Purchase Invoice,6EE02C9681A74406A129F1D96D022BA4,Accounting,1,100,,,,e.table.id = '318' and e.recordID = @Invoice.id@,"accountingSchema.name, accountingDate, abs(debit) desc, credit desc, value",,Fact_Acct,AccountingFact,,org.openbravo.model.financialmgmt.accounting,0B2ACD3F2EC942AB8DA334BC239E3C3E,Project,Y,N,Y,,,,180,C_Project_ID,19,N,N,,22,,,,,TableDir,
183,Purchase Invoice,6EE02C9681A74406A129F1D96D022BA4,Accounting,1,100,,,,e.table.id = '318' and e.recordID = @Invoice.id@,"accountingSchema.name, accountingDate, abs(debit) desc, credit desc, value",,Fact_Acct,AccountingFact,,org.openbravo.model.financialmgmt.accounting,491A105F5FE148E2B64D2B122A2DC6A4,Cost Center,Y,N,Y,,,,190,C_Costcenter_ID,19,N,Y,,32,,,,,TableDir,
183,Purchase Invoice,6EE02C9681A74406A129F1D96D022BA4,Accounting,1,100,,,,e.table.id = '318' and e.recordID = @Invoice.id@,"accountingSchema.name, accountingDate, abs(debit) desc, credit desc, value",,Fact_Acct,AccountingFact,,org.openbravo.model.financialmgmt.accounting,147934BE9AAD4FF99B1678A79635EE67,Asset,Y,N,Y,,,,200,A_Asset_ID,19,N,Y,,10,,,,,TableDir,
183,Purchase Invoice,6EE02C9681A74406A129F1D96D022BA4,Accounting,1,100,,,,e.table.id = '318' and e.recordID = @Invoice.id@,"accountingSchema.name, accountingDate, abs(debit) desc, credit desc, value",,Fact_Acct,AccountingFact,,org.openbravo.model.financialmgmt.accounting,552CFA2BB4B840C7A0AA8D67D4FD7720,1st Dimension,Y,N,Y,,,,210,User1_ID,95E2A8B50A254B2AAE6774B8C2F28120,N,N,,22,,,,,OBUISEL_Selector Reference,
183,Purchase Invoice,6EE02C9681A74406A129F1D96D022BA4,Accounting,1,100,,,,e.table.id = '318' and e.recordID = @Invoice.id@,"accountingSchema.name, accountingDate, abs(debit) desc, credit desc, value",,Fact_Acct,AccountingFact,,org.openbravo.model.financialmgmt.accounting,491134794FBC4B6083D2CE2CE9C42F6D,2nd Dimension,Y,N,Y,,,,220,User2_ID,95E2A8B50A254B2AAE6774B8C2F28120,N,N,,22,,,,,OBUISEL_Selector Reference,
183,Purchase Invoice,6EE02C9681A74406A129F1D96D022BA4,Accounting,1,100,,,,e.table.id = '318' and e.recordID = @Invoice.id@,"accountingSchema.name, accountingDate, abs(debit) desc, credit desc, value",,Fact_Acct,AccountingFact,,org.openbravo.model.financialmgmt.accounting,144A368272CA4F04A98FFC6BC128137B,Tax,N,N,Y,,,,,C_Tax_ID,19,N,N,,22,,,,,TableDir,
183,Purchase Invoice,6EE02C9681A74406A129F1D96D022BA4,Accounting,1,100,,,,e.table.id = '318' and e.recordID = @Invoice.id@,"accountingSchema.name, accountingDate, abs(debit) desc, credit desc, value",,Fact_Acct,AccountingFact,,org.openbravo.model.financialmgmt.accounting,1288A61818C34A7FA77973495B6327CD,Sales Campaign,N,N,Y,,,,,C_Campaign_ID,19,N,N,,22,,,,,TableDir,
183,Purchase Invoice,6EE02C9681A74406A129F1D96D022BA4,Accounting,1,100,,,,e.table.id = '318' and e.recordID = @Invoice.id@,"accountingSchema.name, accountingDate, abs(debit) desc, credit desc, value",,Fact_Acct,AccountingFact,,org.openbravo.model.financialmgmt.accounting,FDC3E0B85D3D43A88E07862B36A56CD9,Foreign Currency Debit,N,N,Y,,,,,AmtSourceDr,12,Y,N,,22,,,,,Amount,
183,Purchase Invoice,6EE02C9681A74406A129F1D96D022BA4,Accounting,1,100,,,,e.table.id = '318' and e.recordID = @Invoice.id@,"accountingSchema.name, accountingDate, abs(debit) desc, credit desc, value",,Fact_Acct,AccountingFact,,org.openbravo.model.financialmgmt.accounting,F303EA7199224161A369C7E693AE6EA4,Type,N,N,Y,,,,,FactAcctType,17,N,Y,N,60,,,,,List,
183,Purchase Invoice,6EE02C9681A74406A129F1D96D022BA4,Accounting,1,100,,,,e.table.id = '318' and e.recordID = @Invoice.id@,"accountingSchema.name, accountingDate, abs(debit) desc, credit desc, value",,Fact_Acct,AccountingFact,,org.openbravo.model.financialmgmt.accounting,E3AF1D0BCC8B4840A07B1557CFE9BCE7,Record ID 2,N,N,Y,,,,,Record_ID2,10,N,Y,,32,,,,,String,
183,Purchase Invoice,6EE02C9681A74406A129F1D96D022BA4,Accounting,1,100,,,,e.table.id = '318' and e.recordID = @Invoice.id@,"accountingSchema.name, accountingDate, abs(debit) desc, credit desc, value",,Fact_Acct,AccountingFact,,org.openbravo.model.financialmgmt.accounting,D6FAD948F98F45679B3A9202A905E389,Activity,N,N,Y,,,,,C_Activity_ID,19,N,N,,22,,,,,TableDir,
183,Purchase Invoice,6EE02C9681A74406A129F1D96D022BA4,Accounting,1,100,,,,e.table.id = '318' and e.recordID = @Invoice.id@,"accountingSchema.name, accountingDate, abs(debit) desc, credit desc, value",,Fact_Acct,AccountingFact,,org.openbravo.model.financialmgmt.accounting,CFB5B72756814DA7AD5BC6443258E421,Document Type,N,N,N,,,,,C_Doctype_ID,19,N,Y,,32,,,,,TableDir,
183,Purchase Invoice,6EE02C9681A74406A129F1D96D022BA4,Accounting,1,100,,,,e.table.id = '318' and e.recordID = @Invoice.id@,"accountingSchema.name, accountingDate, abs(debit) desc, credit desc, value",,Fact_Acct,AccountingFact,,org.openbravo.model.financialmgmt.accounting,CCD62DC4829145B6A499F804426B788A,Foreign Currency Credit,N,N,Y,,,,,AmtSourceCr,12,Y,N,,22,,,,,Amount,
183,Purchase Invoice,6EE02C9681A74406A129F1D96D022BA4,Accounting,1,100,,,,e.table.id = '318' and e.recordID = @Invoice.id@,"accountingSchema.name, accountingDate, abs(debit) desc, credit desc, value",,Fact_Acct,AccountingFact,,org.openbravo.model.financialmgmt.accounting,BCC1FE7BD5A94E119F827AF50504DF9F,Location to Address,N,N,Y,,,,,C_LocTo_ID,18,N,N,,22,,,,,Table,
183,Purchase Invoice,6EE02C9681A74406A129F1D96D022BA4,Accounting,1,100,,,,e.table.id = '318' and e.recordID = @Invoice.id@,"accountingSchema.name, accountingDate, abs(debit) desc, credit desc, value",,Fact_Acct,AccountingFact,,org.openbravo.model.financialmgmt.accounting,B9B2DDA8FA38448493F7603EAB107F82,Group ID,N,N,Y,,,,,Fact_Acct_Group_ID,10,Y,Y,,32,,,,,String,
183,Purchase Invoice,6EE02C9681A74406A129F1D96D022BA4,Accounting,1,100,,,,e.table.id = '318' and e.recordID = @Invoice.id@,"accountingSchema.name, accountingDate, abs(debit) desc, credit desc, value",,Fact_Acct,AccountingFact,,org.openbravo.model.financialmgmt.accounting,B7F341EFA2BB45BD9618DF26ACF2B6AB,Table,N,N,Y,,,,,AD_Table_ID,19,Y,N,,22,,,,,TableDir,
183,Purchase Invoice,6EE02C9681A74406A129F1D96D022BA4,Accounting,1,100,,,,e.table.id = '318' and e.recordID = @Invoice.id@,"accountingSchema.name, accountingDate, abs(debit) desc, credit desc, value",,Fact_Acct,AccountingFact,,org.openbravo.model.financialmgmt.accounting,8DC88B560DC24F2AA9760E13F4F602CB,G/L Category,N,N,Y,,,,,GL_Category_ID,19,Y,N,,22,,,,,TableDir,
183,Purchase Invoice,6EE02C9681A74406A129F1D96D022BA4,Accounting,1,100,,,,e.table.id = '318' and e.recordID = @Invoice.id@,"accountingSchema.name, accountingDate, abs(debit) desc, credit desc, value",,Fact_Acct,AccountingFact,,org.openbravo.model.financialmgmt.accounting,891EBF0CA81C4048B08FB86C12C2BC40,Document Category,N,N,Y,,,,,DocBaseType,10,N,Y,,40,,,,,String,
183,Purchase Invoice,6EE02C9681A74406A129F1D96D022BA4,Accounting,1,100,,,,e.table.id = '318' and e.recordID = @Invoice.id@,"accountingSchema.name, accountingDate, abs(debit) desc, credit desc, value",,Fact_Acct,AccountingFact,,org.openbravo.model.financialmgmt.accounting,85753741A63749D1848243BA5FF49BDF,Transaction Date,N,N,Y,,,,,DateTrx,15,Y,N,,10,,,,,Date,
183,Purchase Invoice,6EE02C9681A74406A129F1D96D022BA4,Accounting,1,100,,,,e.table.id = '318' and e.recordID = @Invoice.id@,"accountingSchema.name, accountingDate, abs(debit) desc, credit desc, value",,Fact_Acct,AccountingFact,,org.openbravo.model.financialmgmt.accounting,84B14E5CCF7846AEAA83707C5164CAF4,Location from Address,N,N,Y,,,,,C_LocFrom_ID,18,N,N,,22,,,,,Table,
183,Purchase Invoice,6EE02C9681A74406A129F1D96D022BA4,Accounting,1,100,,,,e.table.id = '318' and e.recordID = @Invoice.id@,"accountingSchema.name, accountingDate, abs(debit) desc, credit desc, value",,Fact_Acct,AccountingFact,,org.openbravo.model.financialmgmt.accounting,7EBD5D60F7AA4FBFB69700AC87530E36,Accounting Fact,N,N,Y,,,,,Fact_Acct_ID,13,Y,N,,32,,,,,ID,
183,Purchase Invoice,6EE02C9681A74406A129F1D96D022BA4,Accounting,1,100,,,,e.table.id = '318' and e.recordID = @Invoice.id@,"accountingSchema.name, accountingDate, abs(debit) desc, credit desc, value",,Fact_Acct,AccountingFact,,org.openbravo.model.financialmgmt.accounting,61C84CE70EB24366A1BAB85B164F9381,Trx Organization,N,N,Y,,,,,AD_OrgTrx_ID,18,N,N,,22,,,,,Table,
183,Purchase Invoice,6EE02C9681A74406A129F1D96D022BA4,Accounting,1,100,,,,e.table.id = '318' and e.recordID = @Invoice.id@,"accountingSchema.name, accountingDate, abs(debit) desc, credit desc, value",,Fact_Acct,AccountingFact,,org.openbravo.model.financialmgmt.accounting,4207FD34E98A4D9FAA8E23D350553F81,Quantity,N,N,Y,,,,,Qty,29,N,N,,10,,,,,Quantity,
183,Purchase Invoice,6EE02C9681A74406A129F1D96D022BA4,Accounting,1,100,,,,e.table.id = '318' and e.recordID = @Invoice.id@,"accountingSchema.name, accountingDate, abs(debit) desc, credit desc, value",,Fact_Acct,AccountingFact,,org.openbravo.model.financialmgmt.accounting,30C569E347114C7D98196AC4709F77F1,Sales Region,N,N,Y,,,,,C_SalesRegion_ID,19,N,N,,22,,,,,TableDir,
183,Purchase Invoice,6EE02C9681A74406A129F1D96D022BA4,Accounting,1,100,,,,e.table.id = '318' and e.recordID = @Invoice.id@,"accountingSchema.name, accountingDate, abs(debit) desc, credit desc, value",,Fact_Acct,AccountingFact,,org.openbravo.model.financialmgmt.accounting,265427988B1D4418A64A5BB896B988D5,Line ID,N,N,Y,,,,,Line_ID,13,N,N,,32,,,,,ID,
183,Purchase Invoice,6EE02C9681A74406A129F1D96D022BA4,Accounting,1,100,,,,e.table.id = '318' and e.recordID = @Invoice.id@,"accountingSchema.name, accountingDate, abs(debit) desc, credit desc, value",,Fact_Acct,AccountingFact,,org.openbravo.model.financialmgmt.accounting,23DCB21155874FD9898C5CE76675655E,Storage Bin,N,N,Y,,,,,M_Locator_ID,19,N,N,,22,,,,,TableDir,
183,Purchase Invoice,6EE02C9681A74406A129F1D96D022BA4,Accounting,1,100,,,,e.table.id = '318' and e.recordID = @Invoice.id@,"accountingSchema.name, accountingDate, abs(debit) desc, credit desc, value",,Fact_Acct,AccountingFact,,org.openbravo.model.financialmgmt.accounting,1E9F1F317C2141688C1213BA43F1954A,UOM,N,N,Y,,,,,C_UOM_ID,19,N,N,,22,,,,,TableDir,
183,Purchase Invoice,6EE02C9681A74406A129F1D96D022BA4,Accounting,1,100,,,,e.table.id = '318' and e.recordID = @Invoice.id@,"accountingSchema.name, accountingDate, abs(debit) desc, credit desc, value",,Fact_Acct,AccountingFact,,org.openbravo.model.financialmgmt.accounting,1D680813250C405F8CFD2FAD2AE523C4,Posting Type,N,N,Y,,,,,PostingType,17,Y,N,,60,,,,,List,
183,Purchase Invoice,6EE02C9681A74406A129F1D96D022BA4,Accounting,1,100,,,,e.table.id = '318' and e.recordID = @Invoice.id@,"accountingSchema.name, accountingDate, abs(debit) desc, credit desc, value",,Fact_Acct,AccountingFact,,org.openbravo.model.financialmgmt.accounting,181D285F5BA8491593300FF0B88ED24E,Withholding,N,N,Y,,,,,C_Withholding_ID,19,N,Y,,32,,,,,TableDir,
