ad_window_id,window_name,ad_tab_id,tab_name,tablevel,tab_seq,whereclause,orderbyclause,filterclause,hqlwhereclause,hqlorderbyclause,hqlfilterclause,tablename,ad_field_id,field_name,isdisplayed,isreadonly,displaylogic,displaylogic_server,displaylogicgrid,field_seq,columnname,ad_reference_id,ismandatory,isupdateable,defaultvalue,fieldlength,valuemin,valuemax,ad_val_rule_id,readonlylogic,reference_name,callout_class
143,Sales Order,186,Header,0,10,C_Order.IsSOTrx='Y',,,e.salesTransaction=true AND e.transactionDocument.return= false AND e.transactionDocument.sOSubType NOT LIKE 'OB',,,C_Order,2052,Organization,Y,N,@ACCT_DIMENSION_DISPLAY@,,,10,AD_Org_ID,19,Y,N,@#AD_Org_ID@,22,,,49DC1D6F086945AB82F84C66F5F13F16,@Processed@='Y',TableDir,org.openbravo.erpCommon.ad_callouts.SE_Order_Organization
143,Sales Order,186,Header,0,10,C_Order.IsSOTrx='Y',,,e.salesTransaction=true AND e.transactionDocument.return= false AND e.transactionDocument.sOSubType NOT LIKE 'OB',,,C_Order,1085,Transaction Document,Y,N,,,,20,C_DocTypeTarget_ID,18,Y,Y,,22,,,133,@Processed@='Y' | @DocStatus@='TMP',Table,org.openbravo.erpCommon.ad_callouts.SL_Order_DocType
143,Sales Order,186,Header,0,10,C_Order.IsSOTrx='Y',,,e.salesTransaction=true AND e.transactionDocument.return= false AND e.transactionDocument.sOSubType NOT LIKE 'OB',,,C_Order,1081,Document No.,Y,N,,,,30,DocumentNo,10,Y,Y,,30,,,,@Processed@='Y' | @DocStatus@='TMP',String,
143,Sales Order,186,Header,0,10,C_Order.IsSOTrx='Y',,,e.salesTransaction=true AND e.transactionDocument.return= false AND e.transactionDocument.sOSubType NOT LIKE 'OB',,,C_Order,1093,Order Date,Y,N,,,,40,DateOrdered,15,Y,Y,@#Date@,10,,,,@Processed@='Y',Date,org.openbravo.erpCommon.ad_callouts.SL_Order_UpdateLinesDate
143,Sales Order,186,Header,0,10,C_Order.IsSOTrx='Y',,,e.salesTransaction=true AND e.transactionDocument.return= false AND e.transactionDocument.sOSubType NOT LIKE 'OB',,,C_Order,1573,Business Partner,Y,N,@ACCT_DIMENSION_DISPLAY@,,,50,C_BPartner_ID,30,Y,Y,,60,,,,@Processed@='Y' | @DocStatus@='TMP',Search,org.openbravo.erpCommon.ad_callouts.SE_Order_BPartner
143,Sales Order,186,Header,0,10,C_Order.IsSOTrx='Y',,,e.salesTransaction=true AND e.transactionDocument.return= false AND e.transactionDocument.sOSubType NOT LIKE 'OB',,,C_Order,2590,Partner Address,Y,N,,,,60,C_BPartner_Location_ID,19,Y,Y,,22,,,167,@Processed@='Y' | @DocStatus@='TMP',TableDir,org.openbravo.erpCommon.ad_callouts.SE_Order_BPartnerLocation
143,Sales Order,186,Header,0,10,C_Order.IsSOTrx='Y',,,e.salesTransaction=true AND e.transactionDocument.return= false AND e.transactionDocument.sOSubType NOT LIKE 'OB',,,C_Order,1077,Price List,Y,N,,,,70,M_PriceList_ID,19,Y,Y,,22,,,DB85A30739C3487988921CE3FFFD3BAD,@Processed@='Y' | @DocStatus@='TMP',TableDir,org.openbravo.erpCommon.ad_callouts.SL_Order_PriceList
143,Sales Order,186,Header,0,10,C_Order.IsSOTrx='Y',,,e.salesTransaction=true AND e.transactionDocument.return= false AND e.transactionDocument.sOSubType NOT LIKE 'OB',,,C_Order,1094,Scheduled Delivery Date,Y,N,@OrderType@='OB' | @OrderType@='SO',,,80,DatePromised,15,Y,Y,@#Date@,10,,,,@Processed@='Y',Date,org.openbravo.erpCommon.ad_callouts.SL_Order_UpdateLinesDate
143,Sales Order,186,Header,0,10,C_Order.IsSOTrx='Y',,,e.salesTransaction=true AND e.transactionDocument.return= false AND e.transactionDocument.sOSubType NOT LIKE 'OB',,,C_Order,830698140BBA4AC3E040007F01000289,Payment Method,Y,N,,,,90,FIN_Paymentmethod_ID,19,N,Y,,32,,,FF80808130B107670130B1115F22000D,@Processed@='Y',TableDir,
143,Sales Order,186,Header,0,10,C_Order.IsSOTrx='Y',,,e.salesTransaction=true AND e.transactionDocument.return= false AND e.transactionDocument.sOSubType NOT LIKE 'OB',,,C_Order,1099,Payment Terms,Y,N,,,,100,C_PaymentTerm_ID,19,Y,Y,,22,,,,@Processed@='Y',TableDir,
143,Sales Order,186,Header,0,10,C_Order.IsSOTrx='Y',,,e.salesTransaction=true AND e.transactionDocument.return= false AND e.transactionDocument.sOSubType NOT LIKE 'OB',,,C_Order,1114,Warehouse,Y,N,,,,110,M_Warehouse_ID,95E2A8B50A254B2AAE6774B8C2F28120,Y,Y,,22,,,,@Processed@='Y',OBUISEL_Selector Reference,
143,Sales Order,186,Header,0,10,C_Order.IsSOTrx='Y',,,e.salesTransaction=true AND e.transactionDocument.return= false AND e.transactionDocument.sOSubType NOT LIKE 'OB',,,C_Order,1104,Invoice Terms,Y,N,@OrderType@='SO' | @OrderType@='WP' | @OrderType@='PR' | @OrderType@='WR',,,120,InvoiceRule,17,Y,Y,D,60,,,1000200003,,List,
143,Sales Order,186,Header,0,10,C_Order.IsSOTrx='Y',,,e.salesTransaction=true AND e.transactionDocument.return= false AND e.transactionDocument.sOSubType NOT LIKE 'OB',,,C_Order,1082,Document Status,N,Y,,,,180,DocStatus,17,Y,N,DR,60,,,,,List,
143,Sales Order,186,Header,0,10,C_Order.IsSOTrx='Y',,,e.salesTransaction=true AND e.transactionDocument.return= false AND e.transactionDocument.sOSubType NOT LIKE 'OB',,,C_Order,1113,Total Gross Amount,N,Y,,,,190,GrandTotal,12,Y,N,,22,,,,,Amount,
143,Sales Order,186,Header,0,10,C_Order.IsSOTrx='Y',,,e.salesTransaction=true AND e.transactionDocument.return= false AND e.transactionDocument.sOSubType NOT LIKE 'OB',,,C_Order,1112,Total Net Amount,N,Y,,,,200,TotalLines,12,Y,N,,22,,,,,Amount,
143,Sales Order,186,Header,0,10,C_Order.IsSOTrx='Y',,,e.salesTransaction=true AND e.transactionDocument.return= false AND e.transactionDocument.sOSubType NOT LIKE 'OB',,,C_Order,1103,Currency,N,Y,,,,210,C_Currency_ID,19,Y,N,@C_Currency_ID@,22,,,,,TableDir,
143,Sales Order,186,Header,0,10,C_Order.IsSOTrx='Y',,,e.salesTransaction=true AND e.transactionDocument.return= false AND e.transactionDocument.sOSubType NOT LIKE 'OB',,,C_Order,1572,User/Contact,N,N,,,,310,AD_User_ID,19,N,Y,,22,,,123,@Processed@='Y',TableDir,
143,Sales Order,186,Header,0,10,C_Order.IsSOTrx='Y',,,e.salesTransaction=true AND e.transactionDocument.return= false AND e.transactionDocument.sOSubType NOT LIKE 'OB',,,C_Order,1084,Document Type,N,Y,,,,315,C_DocType_ID,19,Y,N,0,22,,,,,TableDir,
143,Sales Order,186,Header,0,10,C_Order.IsSOTrx='Y',,,e.salesTransaction=true AND e.transactionDocument.return= false AND e.transactionDocument.sOSubType NOT LIKE 'OB',,,C_Order,CE4E2705AE237709E040007F0100279F,Reservation Status,N,Y,@StockReservations@!'',,,316,SO_Res_Status,17,N,Y,,60,,,,,List,
143,Sales Order,186,Header,0,10,C_Order.IsSOTrx='Y',,,e.salesTransaction=true AND e.transactionDocument.return= false AND e.transactionDocument.sOSubType NOT LIKE 'OB',,,C_Order,2111,Order Reference,Y,N,,,,318,POReference,10,N,Y,,20,,,,,String,
143,Sales Order,186,Header,0,10,C_Order.IsSOTrx='Y',,,e.salesTransaction=true AND e.transactionDocument.return= false AND e.transactionDocument.sOSubType NOT LIKE 'OB',,,C_Order,1098,Sales Representative,Y,N,,,,322,SalesRep_ID,18,N,Y,,22,,,6F75AF1B05464DD894033D50AEC67310,,Table,
143,Sales Order,186,Header,0,10,C_Order.IsSOTrx='Y',,,e.salesTransaction=true AND e.transactionDocument.return= false AND e.transactionDocument.sOSubType NOT LIKE 'OB',,,C_Order,1086,Description,Y,N,,,,326,Description,14,N,Y,,255,,,,,Text,
143,Sales Order,186,Header,0,10,C_Order.IsSOTrx='Y',,,e.salesTransaction=true AND e.transactionDocument.return= false AND e.transactionDocument.sOSubType NOT LIKE 'OB',,,C_Order,1101,Invoice Address,Y,N,,,,330,BillTo_ID,18,Y,Y,,22,,,119,@Processed@='Y' | @DocStatus@='TMP',Table,
143,Sales Order,186,Header,0,10,C_Order.IsSOTrx='Y',,,e.salesTransaction=true AND e.transactionDocument.return= false AND e.transactionDocument.sOSubType NOT LIKE 'OB',,,C_Order,802711,Delivery Location,Y,N,,,,334,Delivery_Location_ID,18,N,Y,,22,,,167,,Table,
143,Sales Order,186,Header,0,10,C_Order.IsSOTrx='Y',,,e.salesTransaction=true AND e.transactionDocument.return= false AND e.transactionDocument.sOSubType NOT LIKE 'OB',,,C_Order,04CFE3A53162449380A253DE0B814AEF,Add Payment,Y,N,@Processed@='Y' & (@showAddPayment@='Y' | @showAddPayment@ ='') & (@APRM_OrderIsPaid@='N' | @APRM_OrderIsPaid@ ='') & @GrandTotal@!0,,,335,EM_APRM_AddPayment,28,N,Y,,1,,,,,Button,
143,Sales Order,186,Header,0,10,C_Order.IsSOTrx='Y',,,e.salesTransaction=true AND e.transactionDocument.return= false AND e.transactionDocument.sOSubType NOT LIKE 'OB',,,C_Order,1083,Process Order,Y,N,@DocStatus@!'CL'&@DocStatus@!'VO',,,336,DocAction,28,Y,Y,CO,60,,,,,Button,
143,Sales Order,186,Header,0,10,C_Order.IsSOTrx='Y',,,e.salesTransaction=true AND e.transactionDocument.return= false AND e.transactionDocument.sOSubType NOT LIKE 'OB',,,C_Order,6560,Copy Lines,Y,N,@processed@='N',,,338,CopyFrom,28,N,Y,,1,,,,,Button,
143,Sales Order,186,Header,0,10,C_Order.IsSOTrx='Y',,,e.salesTransaction=true AND e.transactionDocument.return= false AND e.transactionDocument.sOSubType NOT LIKE 'OB',,,C_Order,804079,Copy from Orders,Y,N,@processed@='N',,,342,CopyFromPO,28,N,Y,,1,,,,,Button,
143,Sales Order,186,Header,0,10,C_Order.IsSOTrx='Y',,,e.salesTransaction=true AND e.transactionDocument.return= false AND e.transactionDocument.sOSubType NOT LIKE 'OB',,,C_Order,1108,Delivery Method,N,N,@OrderType@='SO' | @OrderType@='WP' | @OrderType@='PR' | @OrderType@='WR' | @OrderType@='WI',,,350,DeliveryViaRule,17,Y,Y,P,60,,,,@Processed@='Y',List,
143,Sales Order,186,Header,0,10,C_Order.IsSOTrx='Y',,,e.salesTransaction=true AND e.transactionDocument.return= false AND e.transactionDocument.sOSubType NOT LIKE 'OB',,,C_Order,1109,Shipping Company,N,N,@DeliveryViaRule@='S' & (@OrderType@='SO' | @OrderType@='WP' | @OrderType@='PR' | @OrderType@='WR' | @OrderType@='WI'),,,354,M_Shipper_ID,19,N,Y,,22,,,,,TableDir,
143,Sales Order,186,Header,0,10,C_Order.IsSOTrx='Y',,,e.salesTransaction=true AND e.transactionDocument.return= false AND e.transactionDocument.sOSubType NOT LIKE 'OB',,,C_Order,2877,Delivery Terms,N,N,@OrderType@='SO' | @OrderType@='WP',,,360,DeliveryRule,17,Y,Y,A,60,,,,@Processed@='Y',List,
143,Sales Order,186,Header,0,10,C_Order.IsSOTrx='Y',,,e.salesTransaction=true AND e.transactionDocument.return= false AND e.transactionDocument.sOSubType NOT LIKE 'OB',,,C_Order,2878,Freight Cost Rule,N,N,@OrderType@='SO',,,366,FreightCostRule,17,Y,Y,I,60,,,,,List,
143,Sales Order,186,Header,0,10,C_Order.IsSOTrx='Y',,,e.salesTransaction=true AND e.transactionDocument.return= false AND e.transactionDocument.sOSubType NOT LIKE 'OB',,,C_Order,1107,Freight Amount,N,N,@OrderType@='SO' & @FreightCostRule@='F',,,372,FreightAmt,12,Y,Y,,22,,,,,Amount,
143,Sales Order,186,Header,0,10,C_Order.IsSOTrx='Y',,,e.salesTransaction=true AND e.transactionDocument.return= false AND e.transactionDocument.sOSubType NOT LIKE 'OB',,,C_Order,3272,Print Discount,N,N,,,,374,IsDiscountPrinted,20,Y,Y,,1,,,,,YesNo,
143,Sales Order,186,Header,0,10,C_Order.IsSOTrx='Y',,,e.salesTransaction=true AND e.transactionDocument.return= false AND e.transactionDocument.sOSubType NOT LIKE 'OB',,,C_Order,1110,Priority,N,N,@OrderType@='SO' | @OrderType@='WP',,,376,PriorityRule,17,Y,Y,5,60,,,,@Processed@='Y',List,
143,Sales Order,186,Header,0,10,C_Order.IsSOTrx='Y',,,e.salesTransaction=true AND e.transactionDocument.return= false AND e.transactionDocument.sOSubType NOT LIKE 'OB',,,C_Order,1324,Sales Campaign,N,N,@$Element_MC@='Y',,,378,C_Campaign_ID,19,N,Y,,22,,,,@Posted@='Y',TableDir,
143,Sales Order,186,Header,0,10,C_Order.IsSOTrx='Y',,,e.salesTransaction=true AND e.transactionDocument.return= false AND e.transactionDocument.sOSubType NOT LIKE 'OB',,,C_Order,2109,Charge Amount,N,N,,,,380,ChargeAmt,12,N,Y,0,22,,,,@Processed@='Y',Amount,
143,Sales Order,186,Header,0,10,C_Order.IsSOTrx='Y',,,e.salesTransaction=true AND e.transactionDocument.return= false AND e.transactionDocument.sOSubType NOT LIKE 'OB',,,C_Order,2112,Charge,N,N,,,,382,C_Charge_ID,18,N,Y,,22,,,,@Processed@='Y',Table,org.openbravo.erpCommon.ad_callouts.SL_Charge
143,Sales Order,186,Header,0,10,C_Order.IsSOTrx='Y',,,e.salesTransaction=true AND e.transactionDocument.return= false AND e.transactionDocument.sOSubType NOT LIKE 'OB',,,C_Order,2589,Activity,N,N,@$Element_AY@='Y',,,384,C_Activity_ID,19,N,Y,,22,,,,@Posted@='Y',TableDir,
143,Sales Order,186,Header,0,10,C_Order.IsSOTrx='Y',,,e.salesTransaction=true AND e.transactionDocument.return= false AND e.transactionDocument.sOSubType NOT LIKE 'OB',,,C_Order,7038,Trx Organization,N,N,@$Element_OT@='Y',,,390,AD_OrgTrx_ID,18,N,Y,,22,,,,@Processed@='Y',Table,
143,Sales Order,186,Header,0,10,C_Order.IsSOTrx='Y',,,e.salesTransaction=true AND e.transactionDocument.return= false AND e.transactionDocument.sOSubType NOT LIKE 'OB',,,C_Order,B21E042CE2E740B79EA8D6E29283298E,Quotation,Y,Y,@Quotation_ID@ ! '' & @Quotation_ID@ ! 'null' & @Quotation_ID@ ! null,,,420,Quotation_ID,30,N,N,,32,,,,,Search,
143,Sales Order,186,Header,0,10,C_Order.IsSOTrx='Y',,,e.salesTransaction=true AND e.transactionDocument.return= false AND e.transactionDocument.sOSubType NOT LIKE 'OB',,,C_Order,0975302859724404A4C637687C3C1850,Delivery Status,N,N,,,,420,DeliveryStatus,11,N,N,,4,,,,,Integer,
143,Sales Order,186,Header,0,10,C_Order.IsSOTrx='Y',,,e.salesTransaction=true AND e.transactionDocument.return= false AND e.transactionDocument.sOSubType NOT LIKE 'OB',,,C_Order,B64FAC97EE104E5B916615E796F42455,Invoice Status,N,N,,,,430,InvoiceStatus,11,N,Y,,4,,,,,Integer,
143,Sales Order,186,Header,0,10,C_Order.IsSOTrx='Y',,,e.salesTransaction=true AND e.transactionDocument.return= false AND e.transactionDocument.sOSubType NOT LIKE 'OB',,,C_Order,6DA4FBB672494411AC03A3FC0461510F,Calculate Promotions,N,N,@DocStatus@='DR' & @PromotionsDefined@='Y',,,480,Calculate_Promotions,28,N,Y,,1,,,,,Button,
143,Sales Order,186,Header,0,10,C_Order.IsSOTrx='Y',,,e.salesTransaction=true AND e.transactionDocument.return= false AND e.transactionDocument.sOSubType NOT LIKE 'OB',,,C_Order,3C2B8257EC414EFBB6BA098C8400D28A,Canceled Order,Y,Y,@Cancelledorder_id@!'',,,550,Cancelledorder_id,18,N,Y,,32,,,,,Table,
143,Sales Order,186,Header,0,10,C_Order.IsSOTrx='Y',,,e.salesTransaction=true AND e.transactionDocument.return= false AND e.transactionDocument.sOSubType NOT LIKE 'OB',,,C_Order,E7336543F2EA4658A48B719F833D43B6,Replaced Order,Y,Y,@Replacedorder_id@!'',,,560,Replacedorder_id,18,N,Y,,32,,,,,Table,
143,Sales Order,186,Header,0,10,C_Order.IsSOTrx='Y',,,e.salesTransaction=true AND e.transactionDocument.return= false AND e.transactionDocument.sOSubType NOT LIKE 'OB',,,C_Order,70B30B77B3F347D6A4CCE368FF95426B,Replacement Order,N,Y,,,,570,Replacementorder_ID,18,N,Y,,32,,,,,Table,
143,Sales Order,186,Header,0,10,C_Order.IsSOTrx='Y',,,e.salesTransaction=true AND e.transactionDocument.return= false AND e.transactionDocument.sOSubType NOT LIKE 'OB',,,C_Order,05E7C043CEC5432EBAFF1F3FD71A05E9,Is Canceled,Y,Y,,,,580,Iscancelled,20,Y,Y,N,1,,,,,YesNo,
143,Sales Order,186,Header,0,10,C_Order.IsSOTrx='Y',,,e.salesTransaction=true AND e.transactionDocument.return= false AND e.transactionDocument.sOSubType NOT LIKE 'OB',,,C_Order,206C498CBA9F49A78E8502EB2763406F,CRM Reference,Y,Y,@BPartner_ExtRef@!'',,,590,BPartner_ExtRef,10,N,Y,,256,,,,,String,
143,Sales Order,186,Header,0,10,C_Order.IsSOTrx='Y',,,e.salesTransaction=true AND e.transactionDocument.return= false AND e.transactionDocument.sOSubType NOT LIKE 'OB',,,C_Order,2593,Project,Y,N,@ACCT_DIMENSION_DISPLAY@,,,2000,C_Project_ID,30,N,Y,,60,,,800001,@Posted@='Y',Search,org.openbravo.erpCommon.ad_callouts.SE_Order_Project
143,Sales Order,186,Header,0,10,C_Order.IsSOTrx='Y',,,e.salesTransaction=true AND e.transactionDocument.return= false AND e.transactionDocument.sOSubType NOT LIKE 'OB',,,C_Order,F8EDB03F17DF4EDBAA54A4E6ECEE0796,Cost Center,Y,N,@ACCT_DIMENSION_DISPLAY@,,,2010,C_Costcenter_ID,95E2A8B50A254B2AAE6774B8C2F28120,N,Y,,32,,,,@Posted@='Y',OBUISEL_Selector Reference,
143,Sales Order,186,Header,0,10,C_Order.IsSOTrx='Y',,,e.salesTransaction=true AND e.transactionDocument.return= false AND e.transactionDocument.sOSubType NOT LIKE 'OB',,,C_Order,48DEE27C5EE849B99C2B150479239A0E,Asset,Y,N,@$Element_AS@='Y',,,2020,A_Asset_ID,95E2A8B50A254B2AAE6774B8C2F28120,N,Y,,32,,,,@Posted@='Y',OBUISEL_Selector Reference,
143,Sales Order,186,Header,0,10,C_Order.IsSOTrx='Y',,,e.salesTransaction=true AND e.transactionDocument.return= false AND e.transactionDocument.sOSubType NOT LIKE 'OB',,,C_Order,7826,1st Dimension,Y,N,@ACCT_DIMENSION_DISPLAY@,,,2030,User1_ID,95E2A8B50A254B2AAE6774B8C2F28120,N,Y,,32,,,,@Posted@='Y',OBUISEL_Selector Reference,
143,Sales Order,186,Header,0,10,C_Order.IsSOTrx='Y',,,e.salesTransaction=true AND e.transactionDocument.return= false AND e.transactionDocument.sOSubType NOT LIKE 'OB',,,C_Order,7825,2nd Dimension,Y,N,@ACCT_DIMENSION_DISPLAY@,,,2040,User2_ID,95E2A8B50A254B2AAE6774B8C2F28120,N,Y,,32,,,,@Posted@='Y',OBUISEL_Selector Reference,
143,Sales Order,186,Header,0,10,C_Order.IsSOTrx='Y',,,e.salesTransaction=true AND e.transactionDocument.return= false AND e.transactionDocument.sOSubType NOT LIKE 'OB',,,C_Order,3C9B97CD980A4D809BDE5B9FDC3E0E73,Cancel and Replace,Y,N,@DocStatus@='CO'&@Cancelledorder_id@=''&@Iscancelled@='N' & @OrderType@='SO' & @EnableCanceAndReplace@!'',,,2140,Cancelandreplace,28,N,Y,,1,,,,,Button,
143,Sales Order,186,Header,0,10,C_Order.IsSOTrx='Y',,,e.salesTransaction=true AND e.transactionDocument.return= false AND e.transactionDocument.sOSubType NOT LIKE 'OB',,,C_Order,F0BF2E4561024D30B93AC7B471DBF5D7,Confirm Cancel and Replace,Y,N,@DocStatus@='TMP' & @OrderType@='SO' & @EnableCanceAndReplace@!'',,,2160,Confirmcancelandreplace,28,N,Y,,1,,,,,Button,
143,Sales Order,186,Header,0,10,C_Order.IsSOTrx='Y',,,e.salesTransaction=true AND e.transactionDocument.return= false AND e.transactionDocument.sOSubType NOT LIKE 'OB',,,C_Order,6562,Self-Service,N,Y,,,,,IsSelfService,20,Y,Y,,1,,,,,YesNo,
143,Sales Order,186,Header,0,10,C_Order.IsSOTrx='Y',,,e.salesTransaction=true AND e.transactionDocument.return= false AND e.transactionDocument.sOSubType NOT LIKE 'OB',,,C_Order,6561,Drop Ship Location,N,N,,,,,DropShip_Location_ID,18,N,Y,,22,,,120,@Processed@='Y' | @DocStatus@='TMP',Table,
143,Sales Order,186,Header,0,10,C_Order.IsSOTrx='Y',,,e.salesTransaction=true AND e.transactionDocument.return= false AND e.transactionDocument.sOSubType NOT LIKE 'OB',,,C_Order,6559,Drop Ship Partner,N,N,,,,,DropShip_BPartner_ID,95E2A8B50A254B2AAE6774B8C2F28120,N,Y,,22,,,,@Processed@='Y',OBUISEL_Selector Reference,
143,Sales Order,186,Header,0,10,C_Order.IsSOTrx='Y',,,e.salesTransaction=true AND e.transactionDocument.return= false AND e.transactionDocument.sOSubType NOT LIKE 'OB',,,C_Order,6558,Drop Ship Contact,N,N,,,,,DropShip_User_ID,18,N,Y,,22,,,168,@Processed@='Y',Table,
143,Sales Order,186,Header,0,10,C_Order.IsSOTrx='Y',,,e.salesTransaction=true AND e.transactionDocument.return= false AND e.transactionDocument.sOSubType NOT LIKE 'OB',,,C_Order,3704,Selected,N,N,,,,,IsSelected,20,Y,Y,,1,,,,,YesNo,
143,Sales Order,186,Header,0,10,C_Order.IsSOTrx='Y',,,e.salesTransaction=true AND e.transactionDocument.return= false AND e.transactionDocument.sOSubType NOT LIKE 'OB',,,C_Order,3660,Posted,N,N,@Processed@='Y' & @#ShowAcct@='Y',,,,Posted,28,Y,Y,N,60,,,,,Button,
143,Sales Order,186,Header,0,10,C_Order.IsSOTrx='Y',,,e.salesTransaction=true AND e.transactionDocument.return= false AND e.transactionDocument.sOSubType NOT LIKE 'OB',,,C_Order,3113,Form of Payment,N,N,@FinancialManagement@='',,,,PaymentRule,17,Y,Y,B,60,,,,@Processed@='Y',List,
143,Sales Order,186,Header,0,10,C_Order.IsSOTrx='Y',,,e.salesTransaction=true AND e.transactionDocument.return= false AND e.transactionDocument.sOSubType NOT LIKE 'OB',,,C_Order,2879,Sales Transaction,N,N,,,,,IsSOTrx,20,Y,Y,@IsSOTrx@,1,,,,,YesNo,
143,Sales Order,186,Header,0,10,C_Order.IsSOTrx='Y',,,e.salesTransaction=true AND e.transactionDocument.return= false AND e.transactionDocument.sOSubType NOT LIKE 'OB',,,C_Order,2876,Date printed,N,N,,,,,DatePrinted,15,N,Y,,10,,,,,Date,
143,Sales Order,186,Header,0,10,C_Order.IsSOTrx='Y',,,e.salesTransaction=true AND e.transactionDocument.return= false AND e.transactionDocument.sOSubType NOT LIKE 'OB',,,C_Order,2594,Processed,N,N,,,,,Processed,20,Y,N,,1,,,,,YesNo,
143,Sales Order,186,Header,0,10,C_Order.IsSOTrx='Y',,,e.salesTransaction=true AND e.transactionDocument.return= false AND e.transactionDocument.sOSubType NOT LIKE 'OB',,,C_Order,1323,Process Order,N,N,,,,,Processing,28,N,Y,,1,,,,,Button,
143,Sales Order,186,Header,0,10,C_Order.IsSOTrx='Y',,,e.salesTransaction=true AND e.transactionDocument.return= false AND e.transactionDocument.sOSubType NOT LIKE 'OB',,,C_Order,1078,Sales Order,N,N,,,,,C_Order_ID,13,Y,N,,32,,,,,ID,
143,Sales Order,186,Header,0,10,C_Order.IsSOTrx='Y',,,e.salesTransaction=true AND e.transactionDocument.return= false AND e.transactionDocument.sOSubType NOT LIKE 'OB',,,C_Order,1095,Accounting Date,N,N,,,,,DateAcct,15,Y,Y,@#Date@,10,,,,@Posted@='Y',Date,
143,Sales Order,186,Header,0,10,C_Order.IsSOTrx='Y',,,e.salesTransaction=true AND e.transactionDocument.return= false AND e.transactionDocument.sOSubType NOT LIKE 'OB',,,C_Order,1091,Print,N,Y,,,,,IsPrinted,20,Y,N,,1,,,,,YesNo,
143,Sales Order,186,Header,0,10,C_Order.IsSOTrx='Y',,,e.salesTransaction=true AND e.transactionDocument.return= false AND e.transactionDocument.sOSubType NOT LIKE 'OB',,,C_Order,1090,Re-invoice,N,Y,,,,,IsInvoiced,20,Y,N,,1,,,,,YesNo,
143,Sales Order,186,Header,0,10,C_Order.IsSOTrx='Y',,,e.salesTransaction=true AND e.transactionDocument.return= false AND e.transactionDocument.sOSubType NOT LIKE 'OB',,,C_Order,1089,Delivered,Y,Y,@Processed@='Y',,,,IsDelivered,20,Y,N,,1,,,,,YesNo,
143,Sales Order,186,Header,0,10,C_Order.IsSOTrx='Y',,,e.salesTransaction=true AND e.transactionDocument.return= false AND e.transactionDocument.sOSubType NOT LIKE 'OB',,,C_Order,1080,Active,N,N,,,,,IsActive,20,Y,Y,,1,,,,,YesNo,
143,Sales Order,186,Header,0,10,C_Order.IsSOTrx='Y',,,e.salesTransaction=true AND e.transactionDocument.return= false AND e.transactionDocument.sOSubType NOT LIKE 'OB',,,C_Order,1079,Client,N,N,,,,,AD_Client_ID,19,Y,N,@AD_CLIENT_ID@,22,,,,@Processed@='Y',TableDir,
143,Sales Order,186,Header,0,10,C_Order.IsSOTrx='Y',,,e.salesTransaction=true AND e.transactionDocument.return= false AND e.transactionDocument.sOSubType NOT LIKE 'OB',,,C_Order,800388,Copy Product Template,N,N,,,,,Generatetemplate,28,N,Y,,1,,,,,Button,
143,Sales Order,186,Header,0,10,C_Order.IsSOTrx='Y',,,e.salesTransaction=true AND e.transactionDocument.return= false AND e.transactionDocument.sOSubType NOT LIKE 'OB',,,C_Order,804076,Delivery notes,N,N,,,,,Deliverynotes,14,N,Y,,2000,,,,,Text,
143,Sales Order,186,Header,0,10,C_Order.IsSOTrx='Y',,,e.salesTransaction=true AND e.transactionDocument.return= false AND e.transactionDocument.sOSubType NOT LIKE 'OB',,,C_Order,804077,Incoterms,N,N,,,,,C_Incoterms_ID,19,N,Y,,12,,,,,TableDir,
143,Sales Order,186,Header,0,10,C_Order.IsSOTrx='Y',,,e.salesTransaction=true AND e.transactionDocument.return= false AND e.transactionDocument.sOSubType NOT LIKE 'OB',,,C_Order,804078,INCOTERMS description,N,N,,,,,Incotermsdescription,14,N,Y,,255,,,,,Text,
143,Sales Order,187,Lines,1,20,,,,,lineNo,,C_OrderLine,1120,Line No.,Y,N,,,,10,Line,11,Y,Y,"@SQL=SELECT COALESCE(MAX(Line),0)+10 AS DefaultValue FROM C_OrderLine WHERE C_Order_ID=@C_Order_ID@",10,,,,@Processed@='Y',Integer,
143,Sales Order,187,Lines,1,20,,,,,lineNo,,C_OrderLine,1127,Product,Y,N,,,,20,M_Product_ID,30,Y,Y,,60,,,,@Processed@='Y',Search,org.openbravo.erpCommon.ad_callouts.SL_Order_Product
143,Sales Order,187,Lines,1,20,,,,,lineNo,,C_OrderLine,3F12E6F426BD4F31BD1F5470F6EF08BF,Operative Quantity,Y,N,@M_Product_Uom_Id@='',@UomManagement@='Y',,22,Aumqty,29,N,Y,,2,,,,@Processed@='Y',Quantity,org.openbravo.erpCommon.ad_callouts.OperativeQuantity_To_BaseQuantity
143,Sales Order,187,Lines,1,20,,,,,lineNo,,C_OrderLine,E2FF7E4864974074AFF50E05037A0176,Alternative UOM,Y,N,@M_Product_Uom_Id@='',@UomManagement@='Y',,25,C_Aum,18,N,Y,,32,,,5ABEE0829BD24BFB9BA454E607825821,@Processed@='Y',Table,org.openbravo.erpCommon.ad_callouts.OperativeQuantity_To_BaseQuantity
143,Sales Order,187,Lines,1,20,,,,,lineNo,,C_OrderLine,1130,Ordered Quantity,Y,N,,,,30,QtyOrdered,29,Y,Y,1,10,,,,@Processed@='Y' | (@IsSOTrx@='Y' & @ISLINKEDTOPRODUCT@='Y' & @PRODUCTTYPE@='S') | @UomManagement@='Y',Quantity,org.openbravo.erpCommon.ad_callouts.SL_Order_Amt
143,Sales Order,187,Lines,1,20,,,,,lineNo,,C_OrderLine,1128,UOM,Y,Y,,,,40,C_UOM_ID,19,Y,Y,,22,,,,@UomManagement@='Y',TableDir,
143,Sales Order,187,Lines,1,20,,,,,lineNo,,C_OrderLine,6570,Attribute Set Value,Y,N,(@ATTRIBUTESET@!''&@ATTRSETVALUETYPE@!'F')|(@M_AttributeSetInstance_ID@!''&@M_AttributeSetInstance_ID@!'0'),,,50,M_AttributeSetInstance_ID,35,N,Y,,22,,,,@Processed@='Y' | @ATTRIBUTESETINSTANCIABLE@='Y',PAttribute,org.openbravo.erpCommon.ad_callouts.SL_Order_Amt
143,Sales Order,187,Lines,1,20,,,,,lineNo,,C_OrderLine,1138,Net Unit Price,Y,N,,,,60,PriceActual,800008,Y,Y,,22,,,,@Processed@='Y' | @GROSSPRICE@='Y',Price,org.openbravo.erpCommon.ad_callouts.SL_Order_Amt
143,Sales Order,187,Lines,1,20,,,,,lineNo,,C_OrderLine,71F61AF7C4FC4710904B117D18F56109,Gross Unit Price,Y,N,@GROSSPRICE@='Y',,,65,Gross_Unit_Price,800008,N,Y,0,2,,,,@Processed@='Y' | @GROSSPRICE@='N',Price,org.openbravo.erpCommon.ad_callouts.SL_Order_Amt
143,Sales Order,187,Lines,1,20,,,,,lineNo,,C_OrderLine,2880,Line Net Amount,Y,N,,,,70,LineNetAmt,12,Y,Y,,22,,,,@Iseditlinenetamt@='N'|@GROSSPRICE@='Y',Amount,org.openbravo.erpCommon.ad_callouts.SL_Order_Amt
143,Sales Order,187,Lines,1,20,,,,,lineNo,,C_OrderLine,453A06D8F77F487A86A1A2238C7F575B,Line Gross Amount,Y,Y,@GROSSPRICE@='Y',,,75,Line_Gross_Amount,12,N,Y,0,2,,,,,Amount,
143,Sales Order,187,Lines,1,20,,,,,lineNo,,C_OrderLine,1141,Tax,Y,N,,,,80,C_Tax_ID,18,Y,Y,,22,,,5BEA56148DC74215A63927481BDC0B63,@Processed@='Y',Table,org.openbravo.erpCommon.ad_callouts.SL_Order_Amt
143,Sales Order,187,Lines,1,20,,,,,lineNo,,C_OrderLine,1137,Net List Price,Y,N,@GROSSPRICE@='N',,,90,PriceList,800008,Y,Y,,22,,,,@Processed@='Y',Price,org.openbravo.erpCommon.ad_callouts.SL_Order_Amt
143,Sales Order,187,Lines,1,20,,,,,lineNo,,C_OrderLine,C4EEC6CC73A96B7BE040007F0100175B,Gross List Price,Y,Y,@GROSSPRICE@='Y',,,95,GrossPriceList,22,N,Y,,12,,,,,Number,
143,Sales Order,187,Lines,1,20,,,,,lineNo,,C_OrderLine,3124,Discount,Y,N,,,,100,Discount,22,N,Y,0,22,,,,@Processed@='Y',Number,org.openbravo.erpCommon.ad_callouts.SL_Order_Amt
143,Sales Order,187,Lines,1,20,,,,,lineNo,,C_OrderLine,CB9E2FD2CC1FDE61E040007F010001E1,Warehouse Rule,Y,N,,,,105,M_Warehouse_Rule_ID,19,N,Y,,32,,,,,TableDir,
143,Sales Order,187,Lines,1,20,,,,,lineNo,,C_OrderLine,1126,Description,Y,N,,,,110,Description,14,N,Y,,2000,,,,,Text,
143,Sales Order,187,Lines,1,20,,,,,lineNo,,C_OrderLine,E03B2279B7F54EE1BDCDCD21D2AFF7F6,Replaced Order Line,Y,Y,@Replacedorderline_id@!'',,,111,Replacedorderline_id,18,N,Y,,32,,,,,Table,
143,Sales Order,187,Lines,1,20,,,,,lineNo,,C_OrderLine,CCCD4467ED5A4D7AE040007F01006A45,Stock Reservation,Y,N,@StockReservations@!'',,,115,Create_Reservation,17,N,Y,,60,,,,@processed@='Y',List,
143,Sales Order,187,Lines,1,20,,,,,lineNo,,C_OrderLine,7E37B8136CC375EFE040007F0100360F,Alternate Taxable Amount,Y,N,@UsesAlternate@='Y',,,120,Taxbaseamt,12,N,Y,,12,,,,@Processed@='Y',Amount,
143,Sales Order,187,Lines,1,20,,,,,lineNo,,C_OrderLine,1133,Invoiced Quantity,N,Y,@OrderType@='SO' | @Processed@='Y',,,130,QtyInvoiced,29,Y,N,,10,,,,,Quantity,
143,Sales Order,187,Lines,1,20,,,,,lineNo,,C_OrderLine,1132,Delivered Quantity,Y,Y,@Processed@='Y' & @IsStocked@ = 'Y',,,140,QtyDelivered,29,Y,N,,10,,,,,Quantity,
143,Sales Order,187,Lines,1,20,,,,,lineNo,,C_OrderLine,1122,Order Date,N,N,@OrderType@='OB' | @OrderType@='SO' | @OrderType@='WP',,,150,DateOrdered,15,Y,Y,@DateOrdered@,10,,,,,Date,
143,Sales Order,187,Lines,1,20,,,,,lineNo,,C_OrderLine,1123,Scheduled Delivery Date,N,N,@OrderType@='OB' | @OrderType@='SO' | @OrderType@='WP',,,160,DatePromised,15,N,Y,@DatePromised@,10,,,,,Date,
143,Sales Order,187,Lines,1,20,,,,,lineNo,,C_OrderLine,1129,Warehouse,N,N,@DirectShip@='N',,,170,M_Warehouse_ID,18,Y,Y,@M_Warehouse_ID@,22,,,,@OrderType@!'SO',Table,
143,Sales Order,187,Lines,1,20,,,,,lineNo,,C_OrderLine,1131,Reserved Quantity,N,Y,@OrderType@='OB' | @OrderType@='SO' | @Processed@='Y',,,180,QtyReserved,29,Y,N,,10,,,,,Quantity,
143,Sales Order,187,Lines,1,20,,,,,lineNo,,C_OrderLine,1135,Shipping Company,N,N,@DeliveryViaRule@='S',,,190,M_Shipper_ID,19,N,Y,@M_Shipper_ID@,22,,,,,TableDir,
143,Sales Order,187,Lines,1,20,,,,,lineNo,,C_OrderLine,1574,Business Partner,N,Y,(@OrderType@='OB' | @OrderType@='SO' | @OrderType@='WP' | @Processed@='Y') & @C_Order_Discount_ID@='',,,200,C_BPartner_ID,30,N,Y,@SQL=SELECT C_BPartner_ID AS DefaultValue FROM C_Order WHERE C_Order_ID=@C_Order_ID@,60,,,,@Posted@='Y',Search,
143,Sales Order,187,Lines,1,20,,,,,lineNo,,C_OrderLine,2114,Direct shipment,N,N,,,,210,DirectShip,20,Y,N,,1,,,,@Processed@='Y',YesNo,
143,Sales Order,187,Lines,1,20,,,,,lineNo,,C_OrderLine,2115,Freight Amount,N,N,@FreightCostRule@='L',,,220,FreightAmt,12,Y,Y,,22,,,,,Amount,
143,Sales Order,187,Lines,1,20,,,,,lineNo,,C_OrderLine,2595,Partner Address,N,N,(@OrderType@='OB' | @OrderType@='SO' | @OrderType@='WP' | @Processed@='Y') & @C_Order_Discount_ID@='',,,230,C_BPartner_Location_ID,19,N,Y,@C_BPartner_Location_ID@,22,,,167,,TableDir,org.openbravo.erpCommon.ad_callouts.SL_Order_Tax
143,Sales Order,187,Lines,1,20,,,,,lineNo,,C_OrderLine,34A18501CC664E9CA1B5F1BC050FB18A,Cancel Discounts and Promotions,Y,N,@IsStocked@ = 'Y',,,240,CANCELPRICEAD,20,N,Y,N,0,,,,,YesNo,org.openbravo.erpCommon.ad_callouts.SL_Order_Amt
143,Sales Order,187,Lines,1,20,,,,,lineNo,,C_OrderLine,800003,Order UOM,N,N,(@HASSECONDUOM@=1 & @UomManagement@!'Y')  | (@UomManagement@='Y' & @M_Product_Uom_Id@!''),,,250,M_Product_Uom_Id,95E2A8B50A254B2AAE6774B8C2F28120,N,Y,,22,,,,@Processed@='Y',OBUISEL_Selector Reference,org.openbravo.erpCommon.ad_callouts.SL_Order_Conversion
143,Sales Order,187,Lines,1,20,,,,,lineNo,,C_OrderLine,800004,Order Quantity,N,N,(@HASSECONDUOM@=1 & @UomManagement@!'Y')  | (@UomManagement@='Y' & @M_Product_Uom_Id@!''),,,260,QuantityOrder,29,N,Y,,10,,,,@Processed@='Y',Quantity,org.openbravo.erpCommon.ad_callouts.SL_Order_Conversion
143,Sales Order,187,Lines,1,20,,,,,lineNo,,C_OrderLine,801510,Base Net Unit Price,N,Y,@GROSSPRICE@='N',,,270,PriceStd,800008,Y,Y,0,12,,,,,Price,
143,Sales Order,187,Lines,1,20,,,,,lineNo,,C_OrderLine,106E1AC516C544848F5AC74EF5232F43,Base Gross Unit Price,N,Y,@GROSSPRICE@='Y',,,270,grosspricestd,800008,Y,Y,0,12,,,,,Price,
143,Sales Order,187,Lines,1,20,,,,,lineNo,,C_OrderLine,8329181A30D547FBB01E0CD7013069E6,Edit Line Net Amount,N,N,,,,280,Iseditlinenetamt,20,N,Y,N,1,,,,@Processed@='Y',YesNo,
143,Sales Order,187,Lines,1,20,,,,,lineNo,,C_OrderLine,BC969C5DF73F4E3D9DFCDC37501CD288,Quotation Line,Y,Y,@Quotationline_ID@ ! '' & @Quotationline_ID@ ! 'null' & @Quotationline_ID@ ! null,,,290,Quotationline_ID,30,N,N,,32,,,,,Search,
143,Sales Order,187,Lines,1,20,,,,,lineNo,,C_OrderLine,CE4E2705AE457709E040007F0100279F,Reservation Status,N,Y,@StockReservations@!'',,,290,SO_Res_Status,17,N,Y,,60,,,,,List,
143,Sales Order,187,Lines,1,20,,,,,lineNo,,C_OrderLine,CE626BBC5EB58638E040007F01001502,Manage Reservation,Y,N,@StockReservations@!'' & @processed@='Y' & @qtyordered@!@qtydelivered@ & @DocStatus@!'CL',,,300,Manage_Reservation,28,N,Y,,1,,,,,Button,
143,Sales Order,187,Lines,1,20,,,,,lineNo,,C_OrderLine,318588F6E35249488A0470C1905F3E0B,Print Description,Y,N,@PRODUCTTYPE@='S',,,1000,Print_Description,20,Y,Y,N,1,,,,,YesNo,
143,Sales Order,187,Lines,1,20,,,,,lineNo,,C_OrderLine,3FBDF73F4DF0435FAD3C99C5BF23D36A,Overdue Return Days,Y,N,@PRODUCTTYPE@='S',,,1010,Overdue_Return_Days,11,N,Y,,12,,,,,Integer,
143,Sales Order,187,Lines,1,20,,,,,lineNo,,C_OrderLine,2053,Organization,Y,N,@ACCT_DIMENSION_DISPLAY@,,,1900,AD_Org_ID,19,Y,Y,@AD_Org_ID@,22,,,53AE60A473D2460D8663D7A1BC5BA732,@Posted@='Y',TableDir,
143,Sales Order,187,Lines,1,20,,,,,lineNo,,C_OrderLine,8805B43A11F842698C397F4BFFF6D104,Project,Y,N,@ACCT_DIMENSION_DISPLAY@,,,2000,C_Project_ID,30,N,Y,,32,,,,@Posted@='Y',Search,
143,Sales Order,187,Lines,1,20,,,,,lineNo,,C_OrderLine,A95DE4439AE24A95AD6C820B688B3981,Cost Center,Y,N,@ACCT_DIMENSION_DISPLAY@,,,2010,C_Costcenter_ID,95E2A8B50A254B2AAE6774B8C2F28120,N,Y,,32,,,,@Posted@='Y',OBUISEL_Selector Reference,
143,Sales Order,187,Lines,1,20,,,,,lineNo,,C_OrderLine,B84046BFFE43473AA6523A84B7534307,Asset,Y,N,@$Element_AS@='Y',,,2020,A_Asset_ID,95E2A8B50A254B2AAE6774B8C2F28120,N,Y,,32,,,,@Posted@='Y',OBUISEL_Selector Reference,
143,Sales Order,187,Lines,1,20,,,,,lineNo,,C_OrderLine,4C130F137CB840559B2B372342B535AA,1st Dimension,Y,N,@ACCT_DIMENSION_DISPLAY@,,,2030,User1_ID,95E2A8B50A254B2AAE6774B8C2F28120,N,Y,,32,,,,@Posted@='Y',OBUISEL_Selector Reference,
143,Sales Order,187,Lines,1,20,,,,,lineNo,,C_OrderLine,C6B5C067950E40588ED89D0384930096,2nd Dimension,Y,N,@ACCT_DIMENSION_DISPLAY@,,,2040,User2_ID,95E2A8B50A254B2AAE6774B8C2F28120,N,Y,,32,,,,@Posted@='Y',OBUISEL_Selector Reference,
143,Sales Order,187,Lines,1,20,,,,,lineNo,,C_OrderLine,8CF90D88C5F445C59FF111C9FCEBF413,Explode,Y,N,@IsStocked@='N' & @isBOM@='Y' & @explode@!'Y' & @Processed@='N',,,2050,Explode,28,N,Y,,1,,,,,Button,
143,Sales Order,187,Lines,1,20,,,,,lineNo,,C_OrderLine,9306A8CBC95647EEA876DC5DC44BA6AA,BOM_Parent_ID,N,N,,,,2060,BOM_Parent_ID,30,N,Y,,32,,,,,Search,
143,Sales Order,187,Lines,1,20,,,,,lineNo,,C_OrderLine,FD42EB7017AA42009DF8E7EE9ECBA325,Select Order Line,Y,N,@LINKEDTOPRODUCT@='Y' & @Processed@='N',,,2070,Relate_Orderline,28,Y,Y,N,1,,,,,Button,
143,Sales Order,187,Lines,1,20,,,,,lineNo,,C_OrderLine,7E37B8136CC275EFE040007F0100360F,C_Order_Discount_ID,N,N,,,,,C_Order_Discount_ID,19,N,Y,,32,,,,,TableDir,
143,Sales Order,187,Lines,1,20,,,,,lineNo,,C_OrderLine,801509,Promotion/Discount,N,Y,,,,,M_Offer_ID,95E2A8B50A254B2AAE6774B8C2F28120,N,Y,,10,,,,,OBUISEL_Selector Reference,
143,Sales Order,187,Lines,1,20,,,,,lineNo,,C_OrderLine,8250,Description Only,N,N,,,,,IsDescription,20,Y,Y,N,1,,,,,YesNo,
143,Sales Order,187,Lines,1,20,,,,,lineNo,,C_OrderLine,5385,Resource Assignment,N,N,,,,,S_ResourceAssignment_ID,33,N,Y,,22,,,,,Assignment,
143,Sales Order,187,Lines,1,20,,,,,lineNo,,C_OrderLine,3115,Price Limit,N,Y,,,,,PriceLimit,800008,Y,Y,,22,,,,,Price,
143,Sales Order,187,Lines,1,20,,,,,lineNo,,C_OrderLine,1136,Currency,N,Y,,,,,C_Currency_ID,19,Y,N,@C_Currency_ID@,22,,,,,TableDir,
143,Sales Order,187,Lines,1,20,,,,,lineNo,,C_OrderLine,1125,Invoice Date,N,Y,,,,,DateInvoiced,15,N,N,,10,,,,,Date,
143,Sales Order,187,Lines,1,20,,,,,lineNo,,C_OrderLine,1124,Date Delivered,N,Y,,,,,DateDelivered,15,N,N,,10,,,,,Date,
143,Sales Order,187,Lines,1,20,,,,,lineNo,,C_OrderLine,1119,Sales Order,N,Y,,,,,C_Order_ID,30,Y,N,,60,,,,,Search,
143,Sales Order,187,Lines,1,20,,,,,lineNo,,C_OrderLine,1118,Active,N,N,,,,,IsActive,20,Y,Y,,1,,,,,YesNo,
143,Sales Order,187,Lines,1,20,,,,,lineNo,,C_OrderLine,1117,Client,N,N,,,,,AD_Client_ID,19,Y,N,@AD_Client_ID@,22,,,,@Processed@='Y',TableDir,
143,Sales Order,187,Lines,1,20,,,,,lineNo,,C_OrderLine,1116,Sales Order Line,N,N,,,,,C_OrderLine_ID,13,Y,N,,32,,,,,ID,
143,Sales Order,25C70617A7964B479BDA71197E7E88E9,Line Tax,2,27,,C_OrderLineTax.Line,,,lineNo,,C_OrderLineTax,7E5649D8625C0D79E040007F01001E28,Line No.,Y,N,,,,10,Line,11,N,Y,"@SQL=SELECT COALESCE(MAX(LINE),0)+10 AS DefaultValue FROM C_ORDERLINETAX WHERE C_ORDERLINE_ID=@C_OrderLine_ID@",12,,,,,Integer,
143,Sales Order,25C70617A7964B479BDA71197E7E88E9,Line Tax,2,27,,C_OrderLineTax.Line,,,lineNo,,C_OrderLineTax,7E5649D8625A0D79E040007F01001E28,Tax,Y,N,,,,20,C_Tax_ID,19,Y,Y,,32,,,,,TableDir,
143,Sales Order,25C70617A7964B479BDA71197E7E88E9,Line Tax,2,27,,C_OrderLineTax.Line,,,lineNo,,C_OrderLineTax,7E5649D8625E0D79E040007F01001E28,Taxable Amount,Y,N,,,,30,Taxbaseamt,12,Y,Y,0,12,,,,,Amount,
143,Sales Order,25C70617A7964B479BDA71197E7E88E9,Line Tax,2,27,,C_OrderLineTax.Line,,,lineNo,,C_OrderLineTax,7E5649D8625D0D79E040007F01001E28,Tax Amount,Y,N,,,,40,Taxamt,12,Y,Y,0,12,,,,,Amount,
143,Sales Order,25C70617A7964B479BDA71197E7E88E9,Line Tax,2,27,,C_OrderLineTax.Line,,,lineNo,,C_OrderLineTax,7E5649D862570D79E040007F01001E28,Organization,N,N,,,,,AD_Org_ID,19,Y,N,@AD_ORG_ID@,32,,,104,,TableDir,
143,Sales Order,25C70617A7964B479BDA71197E7E88E9,Line Tax,2,27,,C_OrderLineTax.Line,,,lineNo,,C_OrderLineTax,7E5649D862560D79E040007F01001E28,Client,N,N,,,,,AD_Client_ID,19,Y,N,@AD_CLIENT_ID@,32,,,103,,TableDir,
143,Sales Order,25C70617A7964B479BDA71197E7E88E9,Line Tax,2,27,,C_OrderLineTax.Line,,,lineNo,,C_OrderLineTax,7E5649D8625B0D79E040007F01001E28,Active,N,N,,,,,Isactive,20,Y,Y,Y,1,,,,,YesNo,
143,Sales Order,25C70617A7964B479BDA71197E7E88E9,Line Tax,2,27,,C_OrderLineTax.Line,,,lineNo,,C_OrderLineTax,7E5649D862590D79E040007F01001E28,Order Line Tax,N,N,,,,,C_Orderlinetax_ID,13,Y,N,,32,,,,,ID,
143,Sales Order,25C70617A7964B479BDA71197E7E88E9,Line Tax,2,27,,C_OrderLineTax.Line,,,lineNo,,C_OrderLineTax,7E5649D862580D79E040007F01001E28,Sales Order Line,N,N,,,,,C_Orderline_ID,30,Y,N,,32,,,,,Search,
143,Sales Order,38D83B9AB72D42F1BFED48911E49F6CD,Reserved Stock,2,28,,,,,,,M_SOL_Reserved_Stock_V,CEF17EDBFBC9D7E2E040007F01002238,Stock Reservation,Y,N,,,,10,M_Reservation_ID,95E2A8B50A254B2AAE6774B8C2F28120,Y,Y,,32,,,,,OBUISEL_Selector Reference,
143,Sales Order,38D83B9AB72D42F1BFED48911E49F6CD,Reserved Stock,2,28,,,,,,,M_Reservation_Stock,1DF093BB951F4CAEA844FF08843CD8D8,Storage Bin,Y,N,,,,20,M_Locator_ID,30,N,Y,,32,,,,,Search,
143,Sales Order,38D83B9AB72D42F1BFED48911E49F6CD,Reserved Stock,2,28,,,,,,,M_Reservation_Stock,A8C62159988343A9A1A4CB90153C5D8B,Attribute Set Value,Y,N,,,,30,M_Attributesetinstance_ID,35,N,Y,,32,,,,,PAttribute,
143,Sales Order,38D83B9AB72D42F1BFED48911E49F6CD,Reserved Stock,2,28,,,,,,,M_Reservation_Stock,E28A115E25D44BB181D8D34CB55E0A1B,Purchase Order Line,Y,N,,,,40,C_Orderline_ID,30,N,Y,,32,,,,,Search,
143,Sales Order,38D83B9AB72D42F1BFED48911E49F6CD,Reserved Stock,2,28,,,,,,,C_OrderLine,5F27F456BE1C41A186ABF8305E3752DF,Vendor,Y,N,,,,42,C_BPartner_ID,30,N,Y,@SQL=SELECT C_BPartner_ID AS DefaultValue FROM C_Order WHERE C_Order_ID=@C_Order_ID@,60,,,,@Posted@='Y',Search,
143,Sales Order,38D83B9AB72D42F1BFED48911E49F6CD,Reserved Stock,2,28,,,,,,,M_Reservation_Stock,FF55A405367C423DA033A369C56945D1,Quantity,Y,N,,,,50,Quantity,29,Y,Y,,12,,,,,Quantity,
143,Sales Order,38D83B9AB72D42F1BFED48911E49F6CD,Reserved Stock,2,28,,,,,,,M_Reservation_Stock,C7BAD3284E1340D78D81FA9F11295425,Released,Y,N,,,,60,ReleasedQty,29,N,Y,,12,,,,,Quantity,
143,Sales Order,38D83B9AB72D42F1BFED48911E49F6CD,Reserved Stock,2,28,,,,,,,M_SOL_Reserved_Stock_V,CEF17EDBFBC7D7E2E040007F01002238,Active,N,N,,,,,Isactive,20,Y,Y,,1,,,,,YesNo,
143,Sales Order,38D83B9AB72D42F1BFED48911E49F6CD,Reserved Stock,2,28,,,,,,,M_SOL_Reserved_Stock_V,CEF17EDBFBC4D7E2E040007F01002238,M_Sol_Reserved_Stock_V_ID,N,N,,,,,M_Sol_Reserved_Stock_V_ID,13,Y,N,,32,,,,,ID,
143,Sales Order,38D83B9AB72D42F1BFED48911E49F6CD,Reserved Stock,2,28,,,,,,,M_SOL_Reserved_Stock_V,CEF17EDBFBC5D7E2E040007F01002238,Client,N,N,,,,,AD_Client_ID,19,Y,N,@AD_CLIENT_ID@,32,,,,,TableDir,
143,Sales Order,38D83B9AB72D42F1BFED48911E49F6CD,Reserved Stock,2,28,,,,,,,M_SOL_Reserved_Stock_V,CEF17EDBFBC6D7E2E040007F01002238,Organization,N,N,,,,,AD_Org_ID,19,Y,N,@AD_ORG_ID@,32,,,,,TableDir,
143,Sales Order,38D83B9AB72D42F1BFED48911E49F6CD,Reserved Stock,2,28,,,,,,,M_SOL_Reserved_Stock_V,CEF17EDBFBC8D7E2E040007F01002238,Reservation Stock,N,N,,,,,M_Reservation_Stock_ID,95E2A8B50A254B2AAE6774B8C2F28120,Y,N,,32,,,,,OBUISEL_Selector Reference,
143,Sales Order,38D83B9AB72D42F1BFED48911E49F6CD,Reserved Stock,2,28,,,,,,,M_SOL_Reserved_Stock_V,CEF17EDBFBCAD7E2E040007F01002238,Sales Order Line,N,N,,,,,C_Orderline_ID,95E2A8B50A254B2AAE6774B8C2F28120,N,Y,,32,,,,,OBUISEL_Selector Reference,
143,Sales Order,673F978C60704C4289893EE1691784F1,Related Products,2,29,,,,,,,C_Orderline_Servicerelation,7308700EE4574649BC60680E9988656A,Organization,N,N,,,,10,AD_Org_ID,19,Y,N,@AD_ORG_ID@,32,,,,,TableDir,
143,Sales Order,652123A308954FE8AA072DE90EE7C988,Related Services,2,29,,,,,,,C_Orderline_Productrelation,7BB7E7D9C47742F3B1A28F422DA288D4,Document No.,Y,Y,,,,10,documentNo,10,N,Y,,60,,,,,String,
143,Sales Order,652123A308954FE8AA072DE90EE7C988,Related Services,2,29,,,,,,,C_Orderline_Productrelation,EB702A9F37A143C1B4762936DABCEAED,Line No.,Y,Y,,,,20,lineNo,11,N,Y,,10,,,,,Integer,
143,Sales Order,673F978C60704C4289893EE1691784F1,Related Products,2,29,,,,,,,C_Orderline_Servicerelation,FFD194D926554AE9A7C401912E6E4060,Active,N,N,,,,20,Isactive,20,Y,Y,Y,1,,,,,YesNo,
143,Sales Order,673F978C60704C4289893EE1691784F1,Related Products,2,29,,,,,,,C_Orderline_Servicerelation,B3CFC93DDA754C2BB26CFEA363D72ED8,Sales Order Line,N,N,,,,30,C_Orderline_ID,95E2A8B50A254B2AAE6774B8C2F28120,Y,N,,32,,,,,OBUISEL_Selector Reference,
143,Sales Order,652123A308954FE8AA072DE90EE7C988,Related Services,2,29,,,,,,,C_Orderline_Productrelation,4F3595632F7248D98431E5E3CAA3A71E,Product,Y,Y,,,,30,product,95E2A8B50A254B2AAE6774B8C2F28120,Y,N,,32,,,,,OBUISEL_Selector Reference,
143,Sales Order,673F978C60704C4289893EE1691784F1,Related Products,2,29,,,,,,,C_Orderline_Servicerelation,11AA820A88E94C78A1A7C4725B89B92F,Sales Order Line,N,N,,,,40,C_Orderline_Related_ID,95E2A8B50A254B2AAE6774B8C2F28120,Y,Y,,32,,,,,OBUISEL_Selector Reference,
143,Sales Order,652123A308954FE8AA072DE90EE7C988,Related Services,2,29,,,,,,,C_Orderline_Productrelation,C12DA55CA1E047FFA3EF69E04B4898F9,Attribute Set Value,Y,Y,,,,40,attributeSetValue,35,N,Y,,22,,,,,PAttribute,
143,Sales Order,673F978C60704C4289893EE1691784F1,Related Products,2,29,,,,,,,C_Order,6FF9502C5975479FB61FC9444B9FCEE6,Document No.,Y,Y,,,,50,DocumentNo,10,Y,Y,,30,,,,@Processed@='Y' | @DocStatus@='TMP',String,
143,Sales Order,652123A308954FE8AA072DE90EE7C988,Related Services,2,29,,,,,,,C_Orderline_Productrelation,F927FB68E7984ADA98590F48FD1117D3,Amount,N,Y,,,,50,amount,12,Y,N,,22,,,,,Amount,
143,Sales Order,673F978C60704C4289893EE1691784F1,Related Products,2,29,,,,,,,C_OrderLine,6E779E4B6DED48D397D31CFAF7EB8BB1,Line No.,Y,Y,,,,60,Line,11,Y,Y,"@SQL=SELECT COALESCE(MAX(Line),0)+10 AS DefaultValue FROM C_OrderLine WHERE C_Order_ID=@C_Order_ID@",10,,,,@Processed@='Y',Integer,
143,Sales Order,652123A308954FE8AA072DE90EE7C988,Related Services,2,29,,,,,,,C_Orderline_Productrelation,19F5F337926A45CC88DE2CF6AC253D49,Quantity,N,Y,,,,60,quantity,29,Y,Y,,12,,,,,Quantity,
143,Sales Order,673F978C60704C4289893EE1691784F1,Related Products,2,29,,,,,,,C_OrderLine,54DB32FEEC9B4DED80CB488660F53506,Product,Y,Y,,,,70,M_Product_ID,30,Y,Y,,60,,,,@Processed@='Y',Search,org.openbravo.erpCommon.ad_callouts.SL_Order_Product
143,Sales Order,673F978C60704C4289893EE1691784F1,Related Products,2,29,,,,,,,C_OrderLine,8B1D408F5AFB471DA529A49583FD6D5B,Attribute Set Value,Y,Y,,,,80,M_AttributeSetInstance_ID,35,N,Y,,22,,,,@Processed@='Y' | @ATTRIBUTESETINSTANCIABLE@='Y',PAttribute,org.openbravo.erpCommon.ad_callouts.SL_Order_Amt
143,Sales Order,673F978C60704C4289893EE1691784F1,Related Products,2,29,,,,,,,C_Orderline_Servicerelation,A1933216F1C24E3C9EDA4959C0560414,Amount,N,Y,,,,90,Amount,12,Y,Y,0,22,,,,,Amount,
143,Sales Order,673F978C60704C4289893EE1691784F1,Related Products,2,29,,,,,,,C_Orderline_Servicerelation,D4598EE66C13445EB86661CD4903D8B0,Quantity,N,Y,,,,100,Quantity,22,Y,Y,0,12,,,,,Number,
143,Sales Order,673F978C60704C4289893EE1691784F1,Related Products,2,29,,,,,,,C_Orderline_Servicerelation,EFB9A3D75EBB4F82B48B502BBB8CFDCB,Client,N,N,,,,,AD_Client_ID,19,Y,N,@AD_CLIENT_ID@,32,,,,,TableDir,
143,Sales Order,673F978C60704C4289893EE1691784F1,Related Products,2,29,,,,,,,C_Orderline_Servicerelation,03FDDD3ADE8D485595FA2ED09C5AF2D1,C_Orderline_Servicerelation_ID,N,N,,,,,C_Orderline_Servicerelation_ID,13,Y,N,,32,,,,,ID,
143,Sales Order,1011100000,Basic Discounts,1,30,,,,,lineNo,,C_Order_Discount,1011100007,Line No.,Y,N,,,,10,Line,11,Y,Y,"@SQL=SELECT COALESCE(MAX(LINE),0)+10 AS DefaultValue FROM C_ORDER_DISCOUNT WHERE C_ORDER_ID=@C_ORDER_ID@",12,,,,@Processed@='Y',Integer,
143,Sales Order,1011100000,Basic Discounts,1,30,,,,,lineNo,,C_Order_Discount,1011100002,Basic Discount,Y,N,,,,20,C_Discount_ID,19,Y,Y,,32,,,,@Processed@='Y',TableDir,
143,Sales Order,1011100000,Basic Discounts,1,30,,,,,lineNo,,C_Order_Discount,1011100005,Cascade,Y,N,,,,30,Cascade,20,Y,Y,N,1,,,,@Processed@='Y',YesNo,
143,Sales Order,1011100000,Basic Discounts,1,30,,,,,lineNo,,C_Order_Discount,1011100006,Active,Y,N,,,,40,Isactive,20,Y,Y,Y,1,,,,@Processed@='Y',YesNo,
143,Sales Order,1011100000,Basic Discounts,1,30,,,,,lineNo,,C_Order_Discount,1011100001,Organization,N,N,,,,,AD_Org_ID,19,Y,Y,@AD_ORG_ID@,32,,,104,@Processed@='Y',TableDir,
143,Sales Order,1011100000,Basic Discounts,1,30,,,,,lineNo,,C_Order_Discount,1011100003,C_Order_Discount_ID,N,N,,,,,C_Order_Discount_ID,13,Y,N,,32,,,,,ID,
143,Sales Order,1011100000,Basic Discounts,1,30,,,,,lineNo,,C_Order_Discount,1011100004,Sales Order,N,N,,,,,C_Order_ID,30,Y,N,,32,,,,,Search,
143,Sales Order,1011100000,Basic Discounts,1,30,,,,,lineNo,,C_Order_Discount,1011100000,Client,N,N,,,,,AD_Client_ID,19,Y,N,@AD_CLIENT_ID@,32,,,103,@Processed@='Y',TableDir,
143,Sales Order,236,Tax,1,40,,C_OrderTax.Line,,,lineNo,,C_OrderTax,803562,Line No.,Y,N,,,,10,Line,11,N,Y,"@SQL=SELECT COALESCE(MAX(LINE),0)+10 AS DefaultValue FROM C_ORDERTAX WHERE C_Order_ID=@C_Order_ID@",12,,,,,Integer,
143,Sales Order,236,Tax,1,40,,C_OrderTax.Line,,,lineNo,,C_OrderTax,2277,Tax,Y,N,,,,20,C_Tax_ID,19,Y,N,,22,,,,,TableDir,
143,Sales Order,236,Tax,1,40,,C_OrderTax.Line,,,lineNo,,C_OrderTax,2894,Tax Amount,Y,Y,,,,30,TaxAmt,12,Y,N,,22,,,,,Amount,
143,Sales Order,236,Tax,1,40,,C_OrderTax.Line,,,lineNo,,C_OrderTax,2895,Taxable Amount,Y,Y,,,,40,TaxBaseAmt,12,Y,N,0,22,,,,,Amount,
143,Sales Order,236,Tax,1,40,,C_OrderTax.Line,,,lineNo,,C_OrderTax,2279,Sales Order,N,Y,,,,,C_Order_ID,30,Y,N,,60,,,,,Search,
143,Sales Order,236,Tax,1,40,,C_OrderTax.Line,,,lineNo,,C_OrderTax,2278,Active,N,N,,,,,IsActive,20,Y,Y,,1,,,,,YesNo,
143,Sales Order,236,Tax,1,40,,C_OrderTax.Line,,,lineNo,,C_OrderTax,2275,Client,N,N,,,,,AD_Client_ID,19,Y,N,@AD_Client_ID@,22,,,,,TableDir,
143,Sales Order,236,Tax,1,40,,C_OrderTax.Line,,,lineNo,,C_OrderTax,2276,Organization,N,N,,,,,AD_Org_ID,19,Y,Y,@AD_Org_ID@,22,,,,,TableDir,
143,Sales Order,236,Tax,1,40,,C_OrderTax.Line,,,lineNo,,C_OrderTax,521F8231190B6C29E040007F01001B31,Order Tax,N,N,,,,,C_OrderTax_ID,13,Y,Y,,32,,,,,ID,
143,Sales Order,EB0E0C5A58344F7FA345097E7365CD22,Payment Plan,1,45,,,,,,,FIN_Payment_Sched_Ord_V,897F23D8C4A94CDBA1E18A1950A6D8F7,Due Date,Y,N,,,,10,Duedate,15,N,Y,,19,,,,,Date,
143,Sales Order,EB0E0C5A58344F7FA345097E7365CD22,Payment Plan,1,45,,,,,,,FIN_Payment_Sched_Ord_V,64A645D93D704FA080658916E4AA11BA,Payment Method,Y,N,,,,20,FIN_Paymentmethod_ID,30,Y,Y,,32,,,,,Search,
143,Sales Order,EB0E0C5A58344F7FA345097E7365CD22,Payment Plan,1,45,,,,,,,FIN_Payment_Sched_Ord_V,E9450E417F5D476B950CD9F298027E93,Expected Amount,Y,N,,,,30,Expected,12,Y,Y,,12,,,,,Amount,
143,Sales Order,EB0E0C5A58344F7FA345097E7365CD22,Payment Plan,1,45,,,,,,,FIN_Payment_Sched_Ord_V,DAE4D1BC0FCD4C77BA7CA8E89BB2C9C4,Received,Y,N,,,,40,Received,12,Y,Y,,12,,,,,Amount,
143,Sales Order,EB0E0C5A58344F7FA345097E7365CD22,Payment Plan,1,45,,,,,,,FIN_Payment_Sched_Ord_V,82F148CC68F24714AEDC5ACD4681D5B7,Outstanding,Y,N,,,,50,Outstanding,12,Y,Y,,12,,,,,Amount,
143,Sales Order,EB0E0C5A58344F7FA345097E7365CD22,Payment Plan,1,45,,,,,,,FIN_Payment_Sched_Ord_V,94CEB84F4308426AA4CDE843C2B3C03C,Last Payment Date,Y,N,,,,60,Lastpayment,15,N,Y,,19,,,,,Date,
143,Sales Order,EB0E0C5A58344F7FA345097E7365CD22,Payment Plan,1,45,,,,,,,FIN_Payment_Sched_Ord_V,F3653CEB40B54EF88F365D55E46CB543,Number of Payments,Y,N,,,,70,Numberofpayments,11,N,Y,,12,,,,,Integer,
143,Sales Order,EB0E0C5A58344F7FA345097E7365CD22,Payment Plan,1,45,,,,,,,FIN_Payment_Sched_Ord_V,667EAE9815D74CFAB0030166BF422851,Currency,Y,N,,,,80,C_Currency_ID,30,Y,Y,,32,,,,,Search,
143,Sales Order,EB0E0C5A58344F7FA345097E7365CD22,Payment Plan,1,45,,,,,,,FIN_Payment_Sched_Ord_V,F6AE914A90D64517A8B8C9C3B41424EB,Order Payment In Plan,N,N,,,,,Fin_Payment_Sched_Ord_V_ID,13,Y,N,,32,,,,,ID,
143,Sales Order,EB0E0C5A58344F7FA345097E7365CD22,Payment Plan,1,45,,,,,,,FIN_Payment_Sched_Ord_V,99CFB4D5C88347ED81E848FA57F3A00D,Active,N,N,,,,,Isactive,20,N,Y,,1,,,,,YesNo,
143,Sales Order,EB0E0C5A58344F7FA345097E7365CD22,Payment Plan,1,45,,,,,,,FIN_Payment_Sched_Ord_V,95F69A28EB7340D18839DC10AE41A9F1,Sales Order,N,N,,,,,C_Order_ID,30,N,Y,,32,,,,,Search,
143,Sales Order,EB0E0C5A58344F7FA345097E7365CD22,Payment Plan,1,45,,,,,,,FIN_Payment_Sched_Ord_V,B4E23F0CD8C347A6A3BB86E8A3758BD5,Organization,N,N,,,,,AD_Org_ID,30,Y,N,@AD_ORG_ID@,32,,,130,,Search,
143,Sales Order,EB0E0C5A58344F7FA345097E7365CD22,Payment Plan,1,45,,,,,,,FIN_Payment_Sched_Ord_V,4FD2606EDF4F465785B3C39418000255,Invoice,N,N,,,,,C_Invoice_ID,30,N,N,,32,,,,,Search,
143,Sales Order,EB0E0C5A58344F7FA345097E7365CD22,Payment Plan,1,45,,,,,,,FIN_Payment_Sched_Ord_V,119600FA97BC4B57910B55AE11F01BEB,Client,N,N,,,,,AD_Client_ID,30,Y,N,@AD_CLIENT_ID@,32,,,129,,Search,
143,Sales Order,B82C02920AA84E8DB57D553185BD2F06,Payment Details,2,46,,,,,,,FIN_Payment_Detail_V,AE165A3BE3854E3391784246B72F80AF,Payment In,Y,N,,,,10,FIN_Payment_ID,95E2A8B50A254B2AAE6774B8C2F28120,Y,Y,,32,,,,,OBUISEL_Selector Reference,
143,Sales Order,B82C02920AA84E8DB57D553185BD2F06,Payment Details,2,46,,,,,,,FIN_Payment_Detail_V,5280E667A502462EBD6D493EBD4B129F,Payment Date,Y,N,,,,20,Paymentdate,15,N,Y,,19,,,,,Date,
143,Sales Order,B82C02920AA84E8DB57D553185BD2F06,Payment Details,2,46,,,,,,,FIN_Payment_Detail_V,81FBC24097FC4B0894884DD7ACFD08C1,Due Date,Y,N,,,,30,Duedate,15,N,Y,,19,,,,,Date,
143,Sales Order,B82C02920AA84E8DB57D553185BD2F06,Payment Details,2,46,,,,,,,FIN_Payment_Detail_V,E5F642615018457ABD72FB6C4957A3C8,Payment Method,N,N,,,,40,Fin_Paymentmethod_ID,30,N,Y,,32,,,,,Search,
143,Sales Order,B82C02920AA84E8DB57D553185BD2F06,Payment Details,2,46,,,,,,,FIN_Payment_Detail_V,F2650368C73341B0B6794287FA5C23C2,Payment Method,Y,N,,,,45,EM_APRM_Displayed_Paymmeth_ID,95E2A8B50A254B2AAE6774B8C2F28120,N,Y,,32,,,,,OBUISEL_Selector Reference,
143,Sales Order,B82C02920AA84E8DB57D553185BD2F06,Payment Details,2,46,,,,,,,FIN_Payment_Detail_V,8C43882A0A404DA29F4C6DA95802CA1B,Financial Account,N,N,,,,50,Fin_Financial_Account_ID,30,N,Y,,32,,,,,Search,
143,Sales Order,B82C02920AA84E8DB57D553185BD2F06,Payment Details,2,46,,,,,,,FIN_Payment_Detail_V,36B58B2BEF8448CA9D384A70E08B9E0E,Financial Account,Y,N,,,,55,EM_APRM_Displayed_Acc_ID,95E2A8B50A254B2AAE6774B8C2F28120,N,Y,,32,,,,,OBUISEL_Selector Reference,
143,Sales Order,B82C02920AA84E8DB57D553185BD2F06,Payment Details,2,46,,,,,,,FIN_Payment_Detail_V,6C7C6E2543B543AFA1171C12D356CC38,Expected Amount,Y,N,,,,60,Expected,12,N,Y,,12,,,,,Amount,
143,Sales Order,B82C02920AA84E8DB57D553185BD2F06,Payment Details,2,46,,,,,,,FIN_Payment_Detail_V,C2323D9D1E62481B879289D373E65E96,Received Amount,Y,N,,,,70,Paidamt,12,Y,Y,,12,,,,,Amount,
143,Sales Order,B82C02920AA84E8DB57D553185BD2F06,Payment Details,2,46,,,,,,,FIN_Payment_Detail_V,2FF77BE337D74C23BE0AF89A815C2FD3,Write-off Amount,Y,N,,,,80,Writeoffamt,12,N,Y,,12,,,,,Amount,
143,Sales Order,B82C02920AA84E8DB57D553185BD2F06,Payment Details,2,46,,,,,,,FIN_Payment_Detail_V,B016ECF8C70F47F29BAA54006C80094A,Currency,N,N,,,,80,C_Currency_ID,30,N,Y,,32,,,,,Search,
143,Sales Order,B82C02920AA84E8DB57D553185BD2F06,Payment Details,2,46,,,,,,,FIN_Payment_Detail_V,40289C1D2E1298CF012E12F0CDA300F7,Expected (Account Currency),Y,N,@C_Currency_ID@!@FinAcc_Currency_ID@,,,140,ExpectedConverted,12,N,Y,,12,,,,,Amount,
143,Sales Order,B82C02920AA84E8DB57D553185BD2F06,Payment Details,2,46,,,,,,,FIN_Payment_Detail_V,40289C1D2E1298CF012E12F1178100FD,Received (Account Currency),Y,N,@C_Currency_ID@!@FinAcc_Currency_ID@,,,150,PaidConverted,12,N,Y,,12,,,,,Amount,
143,Sales Order,B82C02920AA84E8DB57D553185BD2F06,Payment Details,2,46,,,,,,,FIN_Payment_Detail_V,40289C1D2E1298CF012E12F217090104,Exchange Rate,Y,N,@C_Currency_ID@!@FinAcc_Currency_ID@,,,160,Finacc_Txn_Convert_Rate,800019,N,Y,,12,,,,,General Quantity,
143,Sales Order,B82C02920AA84E8DB57D553185BD2F06,Payment Details,2,46,,,,,,,FIN_Payment_Detail_V,E6EEA6B9F91F459787518691AFBAF351,Payment No.,N,N,,,,170,Paymentno,10,Y,Y,,30,,,,,String,
143,Sales Order,B82C02920AA84E8DB57D553185BD2F06,Payment Details,2,46,,,,,,,FIN_Payment_Detail_V,40289C1D2E1298CF012E12F26EB1010A,Finacc_Currency_ID,N,N,,,,180,Finacc_Currency_ID,18,N,Y,,32,,,,,Table,
143,Sales Order,B82C02920AA84E8DB57D553185BD2F06,Payment Details,2,46,,,,,,,FIN_Payment_Detail_V,FF80818130D0918F0130D0BECAE800DD,Canceled,Y,Y,,,,190,Iscanceled,20,N,Y,,1,,,,,YesNo,
143,Sales Order,B82C02920AA84E8DB57D553185BD2F06,Payment Details,2,46,,,,,,,FIN_Payment_Detail_V,C1DE5396D890B815E040007F01000CBC,Status,Y,N,,,,220,Status,17,Y,N,,60,,,,,List,
143,Sales Order,B82C02920AA84E8DB57D553185BD2F06,Payment Details,2,46,,,,,,,FIN_Payment_Detail_V,994F29F5EF074F0E8FDAFE6F47578775,Order Payment In Plan,N,Y,,,,,Fin_Payment_Sched_Ord_V_Id,30,N,Y,,32,,,,,Search,
143,Sales Order,B82C02920AA84E8DB57D553185BD2F06,Payment Details,2,46,,,,,,,FIN_Payment_Detail_V,9E41C5369B034F2DB102624F5277353B,Active,N,N,,,,,Isactive,20,N,Y,,1,,,,,YesNo,
143,Sales Order,B82C02920AA84E8DB57D553185BD2F06,Payment Details,2,46,,,,,,,FIN_Payment_Detail_V,A695F9BEF7ED44D0B722CADC1AD0A046,Order No.,N,N,,,,,Orderno,10,N,Y,,30,,,,,String,
143,Sales Order,B82C02920AA84E8DB57D553185BD2F06,Payment Details,2,46,,,,,,,FIN_Payment_Detail_V,7E7E6DA64A48436995F9BFF923374E5D,Organization,N,N,,,,,AD_Org_ID,30,Y,N,@AD_ORG_ID@,32,,,130,,Search,
143,Sales Order,B82C02920AA84E8DB57D553185BD2F06,Payment Details,2,46,,,,,,,FIN_Payment_Detail_V,D458466D414A4D339872CB81E70853C8,Payment Detail,N,N,,,,,Fin_Payment_Detail_V_ID,13,Y,N,,32,,,,,ID,
143,Sales Order,B82C02920AA84E8DB57D553185BD2F06,Payment Details,2,46,,,,,,,FIN_Payment_Detail_V,E1A05CE9F3FF433888C60B2F059480EC,Invoice No.,N,N,,,,,Invoiceno,10,N,Y,,30,,,,,String,
143,Sales Order,B82C02920AA84E8DB57D553185BD2F06,Payment Details,2,46,,,,,,,FIN_Payment_Detail_V,6AC5E4662B404E019E4B610AFBCC309D,Invoice Amount,N,N,,,,,Invoicedamt,12,N,Y,,12,,,,,Amount,
143,Sales Order,B82C02920AA84E8DB57D553185BD2F06,Payment Details,2,46,,,,,,,FIN_Payment_Detail_V,519B5BC4A37B4EFDA5FE4C94EC89DB42,Business Partner,N,N,,,,,C_Bpartner_ID,30,Y,Y,,32,,,,,Search,
143,Sales Order,B82C02920AA84E8DB57D553185BD2F06,Payment Details,2,46,,,,,,,FIN_Payment_Detail_V,03B212D251EB4117B5C2D3AE1EF09B7A,Client,N,N,,,,,AD_Client_ID,30,Y,N,@AD_CLIENT_ID@,32,,,129,,Search,
143,Sales Order,5A3B6D4D50444C94B2A2B99E6FD2FB0A,Replacement Orders,1,70,,,,,,,C_Order_Replacement,60653591007C42B989828406F4B5ED11,Replacement Order,Y,N,,,,10,C_Replacement_ID,18,Y,Y,,32,,,,,Table,
143,Sales Order,5A3B6D4D50444C94B2A2B99E6FD2FB0A,Replacement Orders,1,70,,,,,,,C_Order_Replacement,F5E2557B3D10457CBA989EB4095A8E0B,Client,N,N,,,,,AD_Client_ID,19,Y,N,@AD_CLIENT_ID@,32,,,,,TableDir,
143,Sales Order,5A3B6D4D50444C94B2A2B99E6FD2FB0A,Replacement Orders,1,70,,,,,,,C_Order_Replacement,1A13438767B941E988BC04866B2E9404,Active,N,N,,,,,Isactive,20,Y,Y,Y,1,,,,,YesNo,
143,Sales Order,5A3B6D4D50444C94B2A2B99E6FD2FB0A,Replacement Orders,1,70,,,,,,,C_Order_Replacement,52E37E65960048F98118ED33DAA85A9A,Organization,N,N,,,,,AD_Org_ID,19,Y,N,@AD_ORG_ID@,32,,,,,TableDir,
143,Sales Order,5A3B6D4D50444C94B2A2B99E6FD2FB0A,Replacement Orders,1,70,,,,,,,C_Order_Replacement,6FD748E652B740E6A02547B32CAF7391,Sales Order,N,N,,,,,C_Order_ID,19,Y,Y,,32,,,,,TableDir,
143,Sales Order,5A3B6D4D50444C94B2A2B99E6FD2FB0A,Replacement Orders,1,70,,,,,,,C_Order_Replacement,15ACEC4ABA50499CA367BB69F42C0B82,id,N,N,,,,,C_Order_Replacement_ID,13,Y,N,,32,,,,,ID,
