ad_window_id,window_name,ad_tab_id,tab_name,tablevel,tab_seq,whereclause,orderbyclause,filterclause,hqlwhereclause,hqlorderbyclause,hqlfilterclause,tablename,entity_classname,entity_alias,entity_javapackage,ad_field_id,field_name,field_isactive,isdisplayed,isreadonly,isshowninstatusbar,displaylogic,displaylogic_server,displaylogicgrid,field_seq,columnname,ad_reference_id,ismandatory,isupdateable,defaultvalue,fieldlength,valuemin,valuemax,ad_val_rule_id,readonlylogic,reference_name,callout_class
181,Purchase Order,294,Header,0,10,C_Order.IsSOTrx='N',,,e.salesTransaction=false AND e.transactionDocument.return=false,,,C_Order,Order,,org.openbravo.model.common.order,3453,Organization,Y,Y,N,N,@ACCT_DIMENSION_DISPLAY@,,,10,AD_Org_ID,19,Y,N,@#AD_Org_ID@,22,,,49DC1D6F086945AB82F84C66F5F13F16,@Processed@='Y',TableDir,org.openbravo.erpCommon.ad_callouts.SE_Order_Organization
181,Purchase Order,294,Header,0,10,C_Order.IsSOTrx='N',,,e.salesTransaction=false AND e.transactionDocument.return=false,,,C_Order,Order,,org.openbravo.model.common.order,3428,Transaction Document,Y,Y,N,N,,,,20,C_DocTypeTarget_ID,18,Y,Y,,22,,,133,@Processed@='Y' | @DocStatus@='TMP',Table,org.openbravo.erpCommon.ad_callouts.SL_Order_DocType
181,Purchase Order,294,Header,0,10,C_Order.IsSOTrx='N',,,e.salesTransaction=false AND e.transactionDocument.return=false,,,C_Order,Order,,org.openbravo.model.common.order,3424,Document No.,Y,Y,N,N,,,,30,DocumentNo,10,Y,Y,,30,,,,@Processed@='Y' | @DocStatus@='TMP',String,
181,Purchase Order,294,Header,0,10,C_Order.IsSOTrx='N',,,e.salesTransaction=false AND e.transactionDocument.return=false,,,C_Order,Order,,org.openbravo.model.common.order,AF2B81C4FC84B807E040007F01006F3D,Generate template,N,N,N,N,,,,30,Generatetemplate,28,N,Y,,1,,,,,Button,
181,Purchase Order,294,Header,0,10,C_Order.IsSOTrx='N',,,e.salesTransaction=false AND e.transactionDocument.return=false,,,C_Order,Order,,org.openbravo.model.common.order,08B93CE952F0413BA28CA7F280CD8E96,C_Return_Reason_ID,N,N,N,N,,,,40,C_Return_Reason_ID,19,N,Y,,32,,,88C0B1F928434B4EAAA9D07B2D2F63E1,,TableDir,
181,Purchase Order,294,Header,0,10,C_Order.IsSOTrx='N',,,e.salesTransaction=false AND e.transactionDocument.return=false,,,C_Order,Order,,org.openbravo.model.common.order,3435,Order Date,Y,Y,N,N,,,,40,DateOrdered,15,Y,Y,@#Date@,10,,,,@Processed@='Y',Date,org.openbravo.erpCommon.ad_callouts.SL_Order_UpdateLinesDate
181,Purchase Order,294,Header,0,10,C_Order.IsSOTrx='N',,,e.salesTransaction=false AND e.transactionDocument.return=false,,,C_Order,Order,,org.openbravo.model.common.order,3419,Business Partner,Y,Y,N,N,@ACCT_DIMENSION_DISPLAY@,,,50,C_BPartner_ID,30,Y,Y,,60,,,,@Processed@='Y' | @DocStatus@='TMP',Search,org.openbravo.erpCommon.ad_callouts.SE_Order_BPartner
181,Purchase Order,294,Header,0,10,C_Order.IsSOTrx='N',,,e.salesTransaction=false AND e.transactionDocument.return=false,,,C_Order,Order,,org.openbravo.model.common.order,3458,Partner Address,Y,Y,N,N,,,,60,C_BPartner_Location_ID,19,Y,Y,,22,,,167,@Processed@='Y' | @DocStatus@='TMP',TableDir,org.openbravo.erpCommon.ad_callouts.SE_Order_BPartnerLocation
181,Purchase Order,294,Header,0,10,C_Order.IsSOTrx='N',,,e.salesTransaction=false AND e.transactionDocument.return=false,,,C_Order,Order,,org.openbravo.model.common.order,3451,Warehouse,Y,Y,N,N,,,,70,M_Warehouse_ID,95E2A8B50A254B2AAE6774B8C2F28120,Y,Y,,22,,,,@Processed@='Y',OBUISEL_Selector Reference,
181,Purchase Order,294,Header,0,10,C_Order.IsSOTrx='N',,,e.salesTransaction=false AND e.transactionDocument.return=false,,,C_Order,Order,,org.openbravo.model.common.order,AF2B81C4FC88B807E040007F01006F3D,RM_PickFromShipment,N,Y,N,N,,,,70,RM_PickFromShipment,28,N,Y,,1,,,,,Button,
181,Purchase Order,294,Header,0,10,C_Order.IsSOTrx='N',,,e.salesTransaction=false AND e.transactionDocument.return=false,,,C_Order,Order,,org.openbravo.model.common.order,3436,Scheduled Delivery Date,Y,Y,N,N,,,,80,DatePromised,15,Y,Y,@#Date@,10,,,,@Processed@='Y',Date,org.openbravo.erpCommon.ad_callouts.SL_Order_UpdateLinesDate
181,Purchase Order,294,Header,0,10,C_Order.IsSOTrx='N',,,e.salesTransaction=false AND e.transactionDocument.return=false,,,C_Order,Order,,org.openbravo.model.common.order,830698140BB84AC3E040007F01000289,Payment Method,Y,Y,N,N,,,,90,FIN_Paymentmethod_ID,19,N,Y,,32,,,FF80808130B107670130B1115F22000D,@Processed@='Y',TableDir,
181,Purchase Order,294,Header,0,10,C_Order.IsSOTrx='N',,,e.salesTransaction=false AND e.transactionDocument.return=false,,,C_Order,Order,,org.openbravo.model.common.order,AF2B81C4FC8AB807E040007F01006F3D,RM_ReceiveMaterials,N,N,N,N,,,,90,RM_ReceiveMaterials,28,N,Y,,1,,,,,Button,
181,Purchase Order,294,Header,0,10,C_Order.IsSOTrx='N',,,e.salesTransaction=false AND e.transactionDocument.return=false,,,C_Order,Order,,org.openbravo.model.common.order,3439,Payment Terms,Y,Y,N,N,,,,100,C_PaymentTerm_ID,19,Y,Y,,22,,,,@Processed@='Y',TableDir,
181,Purchase Order,294,Header,0,10,C_Order.IsSOTrx='N',,,e.salesTransaction=false AND e.transactionDocument.return=false,,,C_Order,Order,,org.openbravo.model.common.order,AF2B81C4FC8BB807E040007F01006F3D,Create Invoice,N,N,N,N,,,,100,RM_CreateInvoice,28,N,Y,,60,,,,,Button,
181,Purchase Order,294,Header,0,10,C_Order.IsSOTrx='N',,,e.salesTransaction=false AND e.transactionDocument.return=false,,,C_Order,Order,,org.openbravo.model.common.order,3420,Price List,Y,Y,N,N,,,,110,M_PriceList_ID,19,Y,Y,,22,,,DB85A30739C3487988921CE3FFFD3BAD,@Processed@='Y' | @DocStatus@='TMP',TableDir,org.openbravo.erpCommon.ad_callouts.SL_Order_PriceList
181,Purchase Order,294,Header,0,10,C_Order.IsSOTrx='N',,,e.salesTransaction=false AND e.transactionDocument.return=false,,,C_Order,Order,,org.openbravo.model.common.order,3425,Document Status,Y,N,Y,Y,,,,150,DocStatus,17,Y,N,DR,60,,,,,List,
181,Purchase Order,294,Header,0,10,C_Order.IsSOTrx='N',,,e.salesTransaction=false AND e.transactionDocument.return=false,,,C_Order,Order,,org.openbravo.model.common.order,3450,Total Gross Amount,Y,N,Y,Y,,,,160,GrandTotal,12,Y,N,,22,,,,,Amount,
181,Purchase Order,294,Header,0,10,C_Order.IsSOTrx='N',,,e.salesTransaction=false AND e.transactionDocument.return=false,,,C_Order,Order,,org.openbravo.model.common.order,3449,Total Net Amount,Y,N,Y,Y,,,,190,TotalLines,12,Y,N,,22,,,,,Amount,
181,Purchase Order,294,Header,0,10,C_Order.IsSOTrx='N',,,e.salesTransaction=false AND e.transactionDocument.return=false,,,C_Order,Order,,org.openbravo.model.common.order,3441,Currency,Y,N,Y,Y,,,,210,C_Currency_ID,19,Y,N,@C_Currency_ID@,22,,,,,TableDir,
181,Purchase Order,294,Header,0,10,C_Order.IsSOTrx='N',,,e.salesTransaction=false AND e.transactionDocument.return=false,,,C_Order,Order,,org.openbravo.model.common.order,3452,User/Contact,Y,N,N,N,,,,300,AD_User_ID,19,N,Y,,22,,,123,@Processed@='Y',TableDir,
181,Purchase Order,294,Header,0,10,C_Order.IsSOTrx='N',,,e.salesTransaction=false AND e.transactionDocument.return=false,,,C_Order,Order,,org.openbravo.model.common.order,800149,Delivery notes,Y,Y,N,N,,,,328,Deliverynotes,14,N,Y,,2000,,,,,Text,
181,Purchase Order,294,Header,0,10,C_Order.IsSOTrx='N',,,e.salesTransaction=false AND e.transactionDocument.return=false,,,C_Order,Order,,org.openbravo.model.common.order,3429,Description,Y,Y,N,N,,,,342,Description,14,N,Y,,255,,,,,Text,
181,Purchase Order,294,Header,0,10,C_Order.IsSOTrx='N',,,e.salesTransaction=false AND e.transactionDocument.return=false,,,C_Order,Order,,org.openbravo.model.common.order,3455,Order Reference,Y,Y,N,N,,,,356,POReference,10,N,Y,,20,,,,,String,
181,Purchase Order,294,Header,0,10,C_Order.IsSOTrx='N',,,e.salesTransaction=false AND e.transactionDocument.return=false,,,C_Order,Order,,org.openbravo.model.common.order,E525DCA1E13E453483A98EC87484CE0E,Cash VAT,Y,Y,N,N,,,,360,Iscashvat,20,Y,Y,N,1,,,,@Processed@='Y',YesNo,
181,Purchase Order,294,Header,0,10,C_Order.IsSOTrx='N',,,e.salesTransaction=false AND e.transactionDocument.return=false,,,C_Order,Order,,org.openbravo.model.common.order,3438,Company Agent,Y,N,N,N,,,,370,SalesRep_ID,18,N,Y,,22,,,6F75AF1B05464DD894033D50AEC67310,,Table,
181,Purchase Order,294,Header,0,10,C_Order.IsSOTrx='N',,,e.salesTransaction=false AND e.transactionDocument.return=false,,,C_Order,Order,,org.openbravo.model.common.order,3440,Invoice From,Y,Y,N,N,,,,384,BillTo_ID,18,Y,Y,,22,,,119,@Processed@='Y' | @DocStatus@='TMP',Table,
181,Purchase Order,294,Header,0,10,C_Order.IsSOTrx='N',,,e.salesTransaction=false AND e.transactionDocument.return=false,,,C_Order,Order,,org.openbravo.model.common.order,800150,Incoterms,Y,N,N,N,,,,400,C_Incoterms_ID,19,N,Y,,12,,,,,TableDir,
181,Purchase Order,294,Header,0,10,C_Order.IsSOTrx='N',,,e.salesTransaction=false AND e.transactionDocument.return=false,,,C_Order,Order,,org.openbravo.model.common.order,800151,INCOTERMS description,Y,N,N,N,,,,401,Incotermsdescription,14,N,Y,,255,,,,,Text,
181,Purchase Order,294,Header,0,10,C_Order.IsSOTrx='N',,,e.salesTransaction=false AND e.transactionDocument.return=false,,,C_Order,Order,,org.openbravo.model.common.order,3467,Print Discount,Y,N,N,N,,,,402,IsDiscountPrinted,20,Y,Y,,1,,,,,YesNo,
181,Purchase Order,294,Header,0,10,C_Order.IsSOTrx='N',,,e.salesTransaction=false AND e.transactionDocument.return=false,,,C_Order,Order,,org.openbravo.model.common.order,3427,Document Type,Y,N,Y,N,,,,403,C_DocType_ID,19,Y,N,0,22,,,,,TableDir,
181,Purchase Order,294,Header,0,10,C_Order.IsSOTrx='N',,,e.salesTransaction=false AND e.transactionDocument.return=false,,,C_Order,Order,,org.openbravo.model.common.order,3443,Freight Amount,Y,N,N,N,,,,404,FreightAmt,12,Y,Y,,22,,,,,Amount,
181,Purchase Order,294,Header,0,10,C_Order.IsSOTrx='N',,,e.salesTransaction=false AND e.transactionDocument.return=false,,,C_Order,Order,,org.openbravo.model.common.order,3444,Delivery Method,Y,N,N,N,,,,405,DeliveryViaRule,17,Y,Y,P,60,,,,@Processed@='Y',List,
181,Purchase Order,294,Header,0,10,C_Order.IsSOTrx='N',,,e.salesTransaction=false AND e.transactionDocument.return=false,,,C_Order,Order,,org.openbravo.model.common.order,3446,Sales Campaign,Y,N,N,N,@$Element_MC@='Y',,,406,C_Campaign_ID,19,N,Y,,22,,,,@Posted@='Y',TableDir,
181,Purchase Order,294,Header,0,10,C_Order.IsSOTrx='N',,,e.salesTransaction=false AND e.transactionDocument.return=false,,,C_Order,Order,,org.openbravo.model.common.order,3447,Shipping Company,Y,N,N,N,,,,407,M_Shipper_ID,19,N,Y,,22,,,,,TableDir,
181,Purchase Order,294,Header,0,10,C_Order.IsSOTrx='N',,,e.salesTransaction=false AND e.transactionDocument.return=false,,,C_Order,Order,,org.openbravo.model.common.order,3448,Priority,Y,N,N,N,,,,408,PriorityRule,17,Y,Y,5,60,,,,@Processed@='Y',List,
181,Purchase Order,294,Header,0,10,C_Order.IsSOTrx='N',,,e.salesTransaction=false AND e.transactionDocument.return=false,,,C_Order,Order,,org.openbravo.model.common.order,3454,Charge Amount,Y,N,N,N,,,,409,ChargeAmt,12,N,Y,0,22,,,,@Processed@='Y',Amount,
181,Purchase Order,294,Header,0,10,C_Order.IsSOTrx='N',,,e.salesTransaction=false AND e.transactionDocument.return=false,,,C_Order,Order,,org.openbravo.model.common.order,3456,Charge,Y,N,N,N,,,,410,C_Charge_ID,18,N,Y,,22,,,,@Processed@='Y',Table,org.openbravo.erpCommon.ad_callouts.SL_Charge
181,Purchase Order,294,Header,0,10,C_Order.IsSOTrx='N',,,e.salesTransaction=false AND e.transactionDocument.return=false,,,C_Order,Order,,org.openbravo.model.common.order,3457,Activity,Y,N,N,N,@$Element_AY@='Y',,,411,C_Activity_ID,19,N,Y,,22,,,,@Posted@='Y',TableDir,
181,Purchase Order,294,Header,0,10,C_Order.IsSOTrx='N',,,e.salesTransaction=false AND e.transactionDocument.return=false,,,C_Order,Order,,org.openbravo.model.common.order,3464,Freight Cost Rule,Y,N,N,N,,,,412,FreightCostRule,17,Y,Y,I,60,,,,,List,
181,Purchase Order,294,Header,0,10,C_Order.IsSOTrx='N',,,e.salesTransaction=false AND e.transactionDocument.return=false,,,C_Order,Order,,org.openbravo.model.common.order,7039,Trx Organization,Y,N,N,N,@$Element_OT@='Y',,,413,AD_OrgTrx_ID,18,N,Y,,22,,,,@Processed@='Y',Table,
181,Purchase Order,294,Header,0,10,C_Order.IsSOTrx='N',,,e.salesTransaction=false AND e.transactionDocument.return=false,,,C_Order,Order,,org.openbravo.model.common.order,F4A594CF81DA4C0DB3A81BBFF0305C12,Add Payment,Y,Y,N,N,@Processed@='Y' & (@showAddPayment@='Y' | @showAddPayment@ ='') & (@APRM_OrderIsPaid@='N' | @APRM_OrderIsPaid@ ='') & @GrandTotal@!0,,,415,EM_APRM_AddPayment,28,N,Y,,1,,,,,Button,
181,Purchase Order,294,Header,0,10,C_Order.IsSOTrx='N',,,e.salesTransaction=false AND e.transactionDocument.return=false,,,C_Order,Order,,org.openbravo.model.common.order,3426,Process Order,Y,Y,N,N,@DocStatus@!'CL'&@DocStatus@!'VO',,,420,DocAction,28,Y,Y,CO,60,,,,,Button,
181,Purchase Order,294,Header,0,10,C_Order.IsSOTrx='N',,,e.salesTransaction=false AND e.transactionDocument.return=false,,,C_Order,Order,,org.openbravo.model.common.order,6506,Copy Lines,Y,Y,N,N,@processed@='N',,,430,CopyFrom,28,N,Y,,1,,,,,Button,
181,Purchase Order,294,Header,0,10,C_Order.IsSOTrx='N',,,e.salesTransaction=false AND e.transactionDocument.return=false,,,C_Order,Order,,org.openbravo.model.common.order,804197,Copy from Orders,Y,Y,N,N,@processed@='N',,,440,CopyFromPO,28,N,Y,,1,,,,,Button,
181,Purchase Order,294,Header,0,10,C_Order.IsSOTrx='N',,,e.salesTransaction=false AND e.transactionDocument.return=false,,,C_Order,Order,,org.openbravo.model.common.order,3672,Price includes Tax,Y,Y,N,N,,,,450,IsTaxIncluded,20,N,Y,,1,,,,,YesNo,
181,Purchase Order,294,Header,0,10,C_Order.IsSOTrx='N',,,e.salesTransaction=false AND e.transactionDocument.return=false,,,C_Order,Order,,org.openbravo.model.common.order,DD2A5839D78146559012A9D2AC8FA1F7,RM_AddOrphanLine,N,Y,N,N,,,,470,RM_AddOrphanLine,28,N,Y,,1,,,,,Button,
181,Purchase Order,294,Header,0,10,C_Order.IsSOTrx='N',,,e.salesTransaction=false AND e.transactionDocument.return=false,,,C_Order,Order,,org.openbravo.model.common.order,0511D54C4B4A4AC79F0C85FF237851C9,Create Order,N,Y,N,N,,,,480,Convertquotation,28,N,Y,,1,,,,,Button,
181,Purchase Order,294,Header,0,10,C_Order.IsSOTrx='N',,,e.salesTransaction=false AND e.transactionDocument.return=false,,,C_Order,Order,,org.openbravo.model.common.order,5F6468AA4FA8435B8CAAE2664AB7B3CA,Reject Reason,N,Y,N,N,,,,490,C_Reject_Reason_ID,19,N,Y,,32,,,,@DocStatus@='CJ'|@DocStatus@='CA',TableDir,
181,Purchase Order,294,Header,0,10,C_Order.IsSOTrx='N',,,e.salesTransaction=false AND e.transactionDocument.return=false,,,C_Order,Order,,org.openbravo.model.common.order,741CFA7E9BB4420DA10099FFC6BC759F,Valid Until,N,Y,N,N,,,,500,validuntil,15,N,Y,,19,,,,,Date,
181,Purchase Order,294,Header,0,10,C_Order.IsSOTrx='N',,,e.salesTransaction=false AND e.transactionDocument.return=false,,,C_Order,Order,,org.openbravo.model.common.order,F3A109DCEC5140799C2D856293836826,Calculate_Promotions,N,Y,N,N,,,,510,Calculate_Promotions,28,N,Y,,1,,,,,Button,
181,Purchase Order,294,Header,0,10,C_Order.IsSOTrx='N',,,e.salesTransaction=false AND e.transactionDocument.return=false,,,C_Order,Order,,org.openbravo.model.common.order,8BBF40E9716143C1AC4B1D5A0FC8B0A2,Quotation,N,Y,N,N,,,,520,Quotation_ID,30,N,N,,32,,,,,Search,
181,Purchase Order,294,Header,0,10,C_Order.IsSOTrx='N',,,e.salesTransaction=false AND e.transactionDocument.return=false,,,C_Order,Order,,org.openbravo.model.common.order,D29E951BD73C4971938957A29681CB9F,Operation date,Y,Y,N,N,@AEATSII_AcogidaSII3@='Y',,,800,EM_Aeatsii_Fecha_Operacion,15,N,Y,,19,,,,,Date,
181,Purchase Order,294,Header,0,10,C_Order.IsSOTrx='N',,,e.salesTransaction=false AND e.transactionDocument.return=false,,,C_Order,Order,,org.openbravo.model.common.order,B92ADE43EAE546DF9C16239DBBAC9547,SII Description,Y,Y,N,N,@AEATSII_AcogidaSII3@='Y',,,810,EM_Aeatsii_Descripcion_Sii,14,N,Y,,500,,,,,Text,
181,Purchase Order,294,Header,0,10,C_Order.IsSOTrx='N',,,e.salesTransaction=false AND e.transactionDocument.return=false,,,C_Order,Order,,org.openbravo.model.common.order,3459,Project,Y,Y,N,N,@ACCT_DIMENSION_DISPLAY@,,,2000,C_Project_ID,30,N,Y,,60,,,800001,@Posted@='Y',Search,org.openbravo.erpCommon.ad_callouts.SE_Order_Project
181,Purchase Order,294,Header,0,10,C_Order.IsSOTrx='N',,,e.salesTransaction=false AND e.transactionDocument.return=false,,,C_Order,Order,,org.openbravo.model.common.order,9A942A3B09504E31B99B6C63EFA5C79F,Cost Center,Y,Y,N,N,@ACCT_DIMENSION_DISPLAY@,,,2010,C_Costcenter_ID,95E2A8B50A254B2AAE6774B8C2F28120,N,Y,,32,,,,@Posted@='Y',OBUISEL_Selector Reference,
181,Purchase Order,294,Header,0,10,C_Order.IsSOTrx='N',,,e.salesTransaction=false AND e.transactionDocument.return=false,,,C_Order,Order,,org.openbravo.model.common.order,E08156CC24584AE2ACB92844E1C67267,Asset,Y,Y,N,N,@$Element_AS@='Y',,,2020,A_Asset_ID,95E2A8B50A254B2AAE6774B8C2F28120,N,Y,,32,,,,@Posted@='Y',OBUISEL_Selector Reference,
181,Purchase Order,294,Header,0,10,C_Order.IsSOTrx='N',,,e.salesTransaction=false AND e.transactionDocument.return=false,,,C_Order,Order,,org.openbravo.model.common.order,7824,1st Dimension,Y,Y,N,N,@ACCT_DIMENSION_DISPLAY@,,,2030,User1_ID,95E2A8B50A254B2AAE6774B8C2F28120,N,Y,,32,,,,@Posted@='Y',OBUISEL_Selector Reference,
181,Purchase Order,294,Header,0,10,C_Order.IsSOTrx='N',,,e.salesTransaction=false AND e.transactionDocument.return=false,,,C_Order,Order,,org.openbravo.model.common.order,7823,2nd Dimension,Y,Y,N,N,@ACCT_DIMENSION_DISPLAY@,,,2040,User2_ID,95E2A8B50A254B2AAE6774B8C2F28120,N,Y,,32,,,,@Posted@='Y',OBUISEL_Selector Reference,
181,Purchase Order,294,Header,0,10,C_Order.IsSOTrx='N',,,e.salesTransaction=false AND e.transactionDocument.return=false,,,C_Order,Order,,org.openbravo.model.common.order,E07502C4A5285ECCE040007F0100280F,Create Lines,Y,Y,N,N,@processed@='N',,,2060,Create_POLines,28,N,Y,N,1,,,,,Button,
181,Purchase Order,294,Header,0,10,C_Order.IsSOTrx='N',,,e.salesTransaction=false AND e.transactionDocument.return=false,,,C_Order,Order,,org.openbravo.model.common.order,E813CF15CCB645899EA64578F7CA8BF3,Delivery Status,Y,N,N,Y,,,,2070,DeliveryStatusPurchase,11,N,N,,4,,,,,Integer,
181,Purchase Order,294,Header,0,10,C_Order.IsSOTrx='N',,,e.salesTransaction=false AND e.transactionDocument.return=false,,,C_Order,Order,,org.openbravo.model.common.order,63B8B9950427430A8C30D5DA885E8A9A,Invoice Status,Y,N,N,Y,,,,2080,InvoiceStatus,11,N,Y,,4,,,,,Integer,
181,Purchase Order,294,Header,0,10,C_Order.IsSOTrx='N',,,e.salesTransaction=false AND e.transactionDocument.return=false,,,C_Order,Order,,org.openbravo.model.common.order,6F14C768C8DC4463B0E64A1BD1238B38,EM_Etgo_Total_Discount,Y,N,N,N,,,,2090,EM_Etgo_Total_Discount,22,N,Y,0,22,,,,,Number,
181,Purchase Order,294,Header,0,10,C_Order.IsSOTrx='N',,,e.salesTransaction=false AND e.transactionDocument.return=false,,,C_Order,Order,,org.openbravo.model.common.order,,BPartner_ExtRef,Y,N,Y,N,,,,99999,BPartner_ExtRef,10,N,Y,,256,,,,,String,
181,Purchase Order,294,Header,0,10,C_Order.IsSOTrx='N',,,e.salesTransaction=false AND e.transactionDocument.return=false,,,C_Order,Order,,org.openbravo.model.common.order,,Cancelandreplace,Y,N,Y,N,,,,99999,Cancelandreplace,28,N,Y,,1,,,,,Button,
181,Purchase Order,294,Header,0,10,C_Order.IsSOTrx='N',,,e.salesTransaction=false AND e.transactionDocument.return=false,,,C_Order,Order,,org.openbravo.model.common.order,,Cancelledorder_id,Y,N,Y,N,,,,99999,Cancelledorder_id,18,N,Y,,32,,,,,Table,
181,Purchase Order,294,Header,0,10,C_Order.IsSOTrx='N',,,e.salesTransaction=false AND e.transactionDocument.return=false,,,C_Order,Order,,org.openbravo.model.common.order,,Confirmcancelandreplace,Y,N,Y,N,,,,99999,Confirmcancelandreplace,28,N,Y,,1,,,,,Button,
181,Purchase Order,294,Header,0,10,C_Order.IsSOTrx='N',,,e.salesTransaction=false AND e.transactionDocument.return=false,,,C_Order,Order,,org.openbravo.model.common.order,,Created,Y,N,Y,N,,,,99999,Created,16,Y,N,,19,,,,,DateTime,
181,Purchase Order,294,Header,0,10,C_Order.IsSOTrx='N',,,e.salesTransaction=false AND e.transactionDocument.return=false,,,C_Order,Order,,org.openbravo.model.common.order,,CreatedBy,Y,N,Y,N,,,,99999,CreatedBy,30,Y,N,,22,,,,,Search,
181,Purchase Order,294,Header,0,10,C_Order.IsSOTrx='N',,,e.salesTransaction=false AND e.transactionDocument.return=false,,,C_Order,Order,,org.openbravo.model.common.order,,DeliveryStatus,Y,N,Y,N,,,,99999,DeliveryStatus,11,N,N,,4,,,,,Integer,
181,Purchase Order,294,Header,0,10,C_Order.IsSOTrx='N',,,e.salesTransaction=false AND e.transactionDocument.return=false,,,C_Order,Order,,org.openbravo.model.common.order,,EM_Etvfac_Reversed_Invoice,Y,N,Y,N,,,,99999,EM_Etvfac_Reversed_Invoice,30,N,Y,,32,,,,,Search,
181,Purchase Order,294,Header,0,10,C_Order.IsSOTrx='N',,,e.salesTransaction=false AND e.transactionDocument.return=false,,,C_Order,Order,,org.openbravo.model.common.order,,FIN_Payment_Priority_ID,Y,N,Y,N,,,,99999,FIN_Payment_Priority_ID,19,N,Y,"@SQL=SELECT FIN_Payment_Priority_ID FROM FIN_Payment_Priority WHERE AD_ISORGINCLUDED( (CASE WHEN @#AD_Org_ID@='0' THEN (SELECT ad_org_id FROM ad_org WHERE name = ( SELECT min(o.name) FROM ad_org o join ad_orgtype ot on (o.ad_orgtype_id=ot.ad_orgtype_id) join ad_role_orgaccess ra on (o.ad_org_id=ra.ad_org_id) join ad_role r on (ra.ad_role_id = r.ad_role_id) WHERE ot.istransactionsallowed = 'Y' and r.ad_role_id=@AD_Role_ID@)) ELSE @#AD_Org_ID@ END), AD_Org_ID, @#AD_Client_ID@) <> -1 AND Isdefault = 'Y' ORDER BY Priority",32,,,,@Processed@='Y',TableDir,
181,Purchase Order,294,Header,0,10,C_Order.IsSOTrx='N',,,e.salesTransaction=false AND e.transactionDocument.return=false,,,C_Order,Order,,org.openbravo.model.common.order,,Iscancelled,Y,N,Y,N,,,,99999,Iscancelled,20,Y,Y,N,1,,,,,YesNo,
181,Purchase Order,294,Header,0,10,C_Order.IsSOTrx='N',,,e.salesTransaction=false AND e.transactionDocument.return=false,,,C_Order,Order,,org.openbravo.model.common.order,,PaymentStatus,Y,N,Y,N,,,,99999,PaymentStatus,11,N,N,,4,,,,,Integer,
181,Purchase Order,294,Header,0,10,C_Order.IsSOTrx='N',,,e.salesTransaction=false AND e.transactionDocument.return=false,,,C_Order,Order,,org.openbravo.model.common.order,,Replacedorder_id,Y,N,Y,N,,,,99999,Replacedorder_id,18,N,Y,,32,,,,,Table,
181,Purchase Order,294,Header,0,10,C_Order.IsSOTrx='N',,,e.salesTransaction=false AND e.transactionDocument.return=false,,,C_Order,Order,,org.openbravo.model.common.order,,Replacementorder_ID,Y,N,Y,N,,,,99999,Replacementorder_ID,18,N,Y,,32,,,,,Table,
181,Purchase Order,294,Header,0,10,C_Order.IsSOTrx='N',,,e.salesTransaction=false AND e.transactionDocument.return=false,,,C_Order,Order,,org.openbravo.model.common.order,,RM_Pickfromreceipt,Y,N,Y,N,,,,99999,RM_Pickfromreceipt,28,N,Y,,1,,,,,Button,
181,Purchase Order,294,Header,0,10,C_Order.IsSOTrx='N',,,e.salesTransaction=false AND e.transactionDocument.return=false,,,C_Order,Order,,org.openbravo.model.common.order,,Updated,Y,N,Y,N,,,,99999,Updated,16,Y,N,,19,,,,,DateTime,
181,Purchase Order,294,Header,0,10,C_Order.IsSOTrx='N',,,e.salesTransaction=false AND e.transactionDocument.return=false,,,C_Order,Order,,org.openbravo.model.common.order,,UpdatedBy,Y,N,Y,N,,,,99999,UpdatedBy,30,Y,N,,22,,,,,Search,
181,Purchase Order,294,Header,0,10,C_Order.IsSOTrx='N',,,e.salesTransaction=false AND e.transactionDocument.return=false,,,C_Order,Order,,org.openbravo.model.common.order,3422,Client,Y,N,N,N,,,,,AD_Client_ID,19,Y,N,@AD_CLIENT_ID@,22,,,,@Processed@='Y',TableDir,
181,Purchase Order,294,Header,0,10,C_Order.IsSOTrx='N',,,e.salesTransaction=false AND e.transactionDocument.return=false,,,C_Order,Order,,org.openbravo.model.common.order,3421,Purchase Order,Y,N,N,N,,,,,C_Order_ID,13,Y,N,,32,,,,,ID,
181,Purchase Order,294,Header,0,10,C_Order.IsSOTrx='N',,,e.salesTransaction=false AND e.transactionDocument.return=false,,,C_Order,Order,,org.openbravo.model.common.order,3437,Accounting Date,Y,N,N,N,,,,,DateAcct,15,Y,Y,@#Date@,10,,,,@Posted@='Y',Date,
181,Purchase Order,294,Header,0,10,C_Order.IsSOTrx='N',,,e.salesTransaction=false AND e.transactionDocument.return=false,,,C_Order,Order,,org.openbravo.model.common.order,3462,Date printed,Y,N,N,N,,,,,DatePrinted,15,N,Y,,10,,,,,Date,
181,Purchase Order,294,Header,0,10,C_Order.IsSOTrx='N',,,e.salesTransaction=false AND e.transactionDocument.return=false,,,C_Order,Order,,org.openbravo.model.common.order,802710,Delivery Location,Y,N,N,N,,,,,Delivery_Location_ID,18,N,Y,,22,,,167,,Table,
181,Purchase Order,294,Header,0,10,C_Order.IsSOTrx='N',,,e.salesTransaction=false AND e.transactionDocument.return=false,,,C_Order,Order,,org.openbravo.model.common.order,3463,Delivery Terms,Y,N,N,N,,,,,DeliveryRule,17,Y,Y,A,60,,,,@Processed@='Y',List,
181,Purchase Order,294,Header,0,10,C_Order.IsSOTrx='N',,,e.salesTransaction=false AND e.transactionDocument.return=false,,,C_Order,Order,,org.openbravo.model.common.order,6505,Drop Ship Partner,Y,N,N,N,,,,,DropShip_BPartner_ID,95E2A8B50A254B2AAE6774B8C2F28120,N,Y,,22,,,,@Processed@='Y',OBUISEL_Selector Reference,
181,Purchase Order,294,Header,0,10,C_Order.IsSOTrx='N',,,e.salesTransaction=false AND e.transactionDocument.return=false,,,C_Order,Order,,org.openbravo.model.common.order,6507,Drop Ship Location,Y,N,N,N,,,,,DropShip_Location_ID,18,N,Y,,22,,,120,@Processed@='Y' | @DocStatus@='TMP',Table,
181,Purchase Order,294,Header,0,10,C_Order.IsSOTrx='N',,,e.salesTransaction=false AND e.transactionDocument.return=false,,,C_Order,Order,,org.openbravo.model.common.order,6504,Drop Ship Contact,Y,N,N,N,,,,,DropShip_User_ID,18,N,Y,,22,,,168,@Processed@='Y',Table,
181,Purchase Order,294,Header,0,10,C_Order.IsSOTrx='N',,,e.salesTransaction=false AND e.transactionDocument.return=false,,,C_Order,Order,,org.openbravo.model.common.order,3442,Invoice Terms,Y,N,N,N,,,,,InvoiceRule,17,Y,Y,D,60,,,1000200003,,List,
181,Purchase Order,294,Header,0,10,C_Order.IsSOTrx='N',,,e.salesTransaction=false AND e.transactionDocument.return=false,,,C_Order,Order,,org.openbravo.model.common.order,3423,Active,Y,N,N,N,,,,,IsActive,20,Y,Y,,1,,,,,YesNo,
181,Purchase Order,294,Header,0,10,C_Order.IsSOTrx='N',,,e.salesTransaction=false AND e.transactionDocument.return=false,,,C_Order,Order,,org.openbravo.model.common.order,3432,Delivered,Y,N,Y,N,,,,,IsDelivered,20,Y,N,,1,,,,,YesNo,
181,Purchase Order,294,Header,0,10,C_Order.IsSOTrx='N',,,e.salesTransaction=false AND e.transactionDocument.return=false,,,C_Order,Order,,org.openbravo.model.common.order,3433,Re-invoice,Y,N,Y,N,,,,,IsInvoiced,20,Y,N,,1,,,,,YesNo,
181,Purchase Order,294,Header,0,10,C_Order.IsSOTrx='N',,,e.salesTransaction=false AND e.transactionDocument.return=false,,,C_Order,Order,,org.openbravo.model.common.order,3434,Print,Y,N,Y,N,,,,,IsPrinted,20,Y,N,,1,,,,,YesNo,
181,Purchase Order,294,Header,0,10,C_Order.IsSOTrx='N',,,e.salesTransaction=false AND e.transactionDocument.return=false,,,C_Order,Order,,org.openbravo.model.common.order,3705,Selected,Y,N,N,N,,,,,IsSelected,20,Y,Y,,1,,,,,YesNo,
181,Purchase Order,294,Header,0,10,C_Order.IsSOTrx='N',,,e.salesTransaction=false AND e.transactionDocument.return=false,,,C_Order,Order,,org.openbravo.model.common.order,6508,Self-Service,Y,N,Y,N,,,,,IsSelfService,20,Y,Y,,1,,,,,YesNo,
181,Purchase Order,294,Header,0,10,C_Order.IsSOTrx='N',,,e.salesTransaction=false AND e.transactionDocument.return=false,,,C_Order,Order,,org.openbravo.model.common.order,3465,Sales Transaction,Y,N,N,N,,,,,IsSOTrx,20,Y,Y,@IsSOTrx@,1,,,,,YesNo,
181,Purchase Order,294,Header,0,10,C_Order.IsSOTrx='N',,,e.salesTransaction=false AND e.transactionDocument.return=false,,,C_Order,Order,,org.openbravo.model.common.order,3466,Form of Payment,Y,N,N,N,@FinancialManagement@='',,,,PaymentRule,17,Y,Y,B,60,,,,@Processed@='Y',List,
181,Purchase Order,294,Header,0,10,C_Order.IsSOTrx='N',,,e.salesTransaction=false AND e.transactionDocument.return=false,,,C_Order,Order,,org.openbravo.model.common.order,3671,Posted,Y,N,N,N,@Processed@='Y' & @#ShowAcct@='Y',,,,Posted,28,Y,Y,N,60,,,,,Button,
181,Purchase Order,294,Header,0,10,C_Order.IsSOTrx='N',,,e.salesTransaction=false AND e.transactionDocument.return=false,,,C_Order,Order,,org.openbravo.model.common.order,3460,Processed,Y,N,N,N,,,,,Processed,20,Y,N,,1,,,,,YesNo,
181,Purchase Order,294,Header,0,10,C_Order.IsSOTrx='N',,,e.salesTransaction=false AND e.transactionDocument.return=false,,,C_Order,Order,,org.openbravo.model.common.order,3445,Process Order,Y,N,N,N,,,,,Processing,28,N,Y,,1,,,,,Button,
181,Purchase Order,294,Header,0,10,C_Order.IsSOTrx='N',,,e.salesTransaction=false AND e.transactionDocument.return=false,,,C_Order,Order,,org.openbravo.model.common.order,CE4E26D99C3CC060E040007F010027BD,Reservation Status,N,N,N,N,,,,,SO_Res_Status,17,N,Y,,60,,,,,List,
181,Purchase Order,293,Lines,1,20,,,,,lineNo,,C_OrderLine,OrderLine,,org.openbravo.model.common.order,3403,Line No.,Y,Y,N,N,,,,10,Line,11,Y,Y,"@SQL=SELECT COALESCE(MAX(Line),0)+10 AS DefaultValue FROM C_OrderLine WHERE C_Order_ID=@C_Order_ID@",10,,,,@Processed@='Y',Integer,
181,Purchase Order,293,Lines,1,20,,,,,lineNo,,C_OrderLine,OrderLine,,org.openbravo.model.common.order,3386,Product,Y,Y,N,N,,,,20,M_Product_ID,30,Y,Y,,60,,,,@Processed@='Y',Search,org.openbravo.erpCommon.ad_callouts.SL_Order_Product
181,Purchase Order,293,Lines,1,20,,,,,lineNo,,C_OrderLine,OrderLine,,org.openbravo.model.common.order,3978FFA175BA4421802A4438BD3B67E3,Operative Quantity,Y,Y,N,N,@M_Product_Uom_Id@='',@UomManagement@='Y',,22,Aumqty,29,N,Y,,2,,,,@Processed@='Y',Quantity,org.openbravo.erpCommon.ad_callouts.OperativeQuantity_To_BaseQuantity
181,Purchase Order,293,Lines,1,20,,,,,lineNo,,C_OrderLine,OrderLine,,org.openbravo.model.common.order,3C5BC4B02999437AA5FC422C1C73C552,Alternative UOM,Y,Y,N,N,@M_Product_Uom_Id@='',@UomManagement@='Y',,25,C_Aum,18,N,Y,,32,,,5ABEE0829BD24BFB9BA454E607825821,@Processed@='Y',Table,org.openbravo.erpCommon.ad_callouts.OperativeQuantity_To_BaseQuantity
181,Purchase Order,293,Lines,1,20,,,,,lineNo,,C_OrderLine,OrderLine,,org.openbravo.model.common.order,3389,Ordered Quantity,Y,Y,N,N,,,,30,QtyOrdered,29,Y,Y,1,10,,,,@Processed@='Y' | (@IsSOTrx@='Y' & @ISLINKEDTOPRODUCT@='Y' & @PRODUCTTYPE@='S') | @UomManagement@='Y',Quantity,org.openbravo.erpCommon.ad_callouts.SL_Order_Amt
181,Purchase Order,293,Lines,1,20,,,,,lineNo,,C_OrderLine,OrderLine,,org.openbravo.model.common.order,3387,UOM,Y,Y,Y,N,,,,32,C_UOM_ID,19,Y,Y,,22,,,,@UomManagement@='Y',TableDir,
181,Purchase Order,293,Lines,1,20,,,,,lineNo,,C_OrderLine,OrderLine,,org.openbravo.model.common.order,BBC32E30B77E4EBCA3A8837AD4D2F01C,Goods Shipment Line,N,N,N,N,,,,35,M_Inoutline_ID,95E2A8B50A254B2AAE6774B8C2F28120,N,Y,,32,,,,,OBUISEL_Selector Reference,
181,Purchase Order,293,Lines,1,20,,,,,lineNo,,C_OrderLine,OrderLine,,org.openbravo.model.common.order,6535,Attribute Set Value,Y,Y,N,N,(@ATTRIBUTESET@!''&@ATTRSETVALUETYPE@!'F')|(@M_AttributeSetInstance_ID@!''&@M_AttributeSetInstance_ID@!'0'),,,40,M_AttributeSetInstance_ID,35,N,Y,,22,,,,@Processed@='Y' | @ATTRIBUTESETINSTANCIABLE@='Y',PAttribute,org.openbravo.erpCommon.ad_callouts.SL_Order_Amt
181,Purchase Order,293,Lines,1,20,,,,,lineNo,,C_OrderLine,OrderLine,,org.openbravo.model.common.order,8580EEF58E4F4DF394E156390B8EE121,C_Return_Reason_ID,N,N,N,N,,,,50,C_Return_Reason_ID,19,N,Y,,32,,,88C0B1F928434B4EAAA9D07B2D2F63E1,,TableDir,
181,Purchase Order,293,Lines,1,20,,,,,lineNo,,C_OrderLine,OrderLine,,org.openbravo.model.common.order,3396,Net Unit Price,Y,Y,N,N,,,,70,PriceActual,800008,Y,Y,,22,,,,@Processed@='Y' | @GROSSPRICE@='Y',Price,org.openbravo.erpCommon.ad_callouts.SL_Order_Amt
181,Purchase Order,293,Lines,1,20,,,,,lineNo,,C_OrderLine,OrderLine,,org.openbravo.model.common.order,B3F4F8BB5D964059BC0708F37D378A1D,Gross Unit Price,Y,Y,N,N,@GROSSPRICE@='Y',,,75,Gross_Unit_Price,800008,N,Y,0,2,,,,@Processed@='Y' | @GROSSPRICE@='N',Price,org.openbravo.erpCommon.ad_callouts.SL_Order_Amt
181,Purchase Order,293,Lines,1,20,,,,,lineNo,,C_OrderLine,OrderLine,,org.openbravo.model.common.order,3416,Line Net Amount,Y,Y,N,N,,,,80,LineNetAmt,12,Y,Y,,22,,,,@Iseditlinenetamt@='N'|@GROSSPRICE@='Y',Amount,org.openbravo.erpCommon.ad_callouts.SL_Order_Amt
181,Purchase Order,293,Lines,1,20,,,,,lineNo,,C_OrderLine,OrderLine,,org.openbravo.model.common.order,44023AE71D154D9DBE06532EDA193069,Line Gross Amount,Y,Y,Y,N,@GROSSPRICE@='Y',,,85,Line_Gross_Amount,12,N,Y,0,2,,,,,Amount,
181,Purchase Order,293,Lines,1,20,,,,,lineNo,,C_OrderLine,OrderLine,,org.openbravo.model.common.order,3397,Tax,Y,Y,N,N,,,,90,C_Tax_ID,18,Y,Y,,22,,,5BEA56148DC74215A63927481BDC0B63,@Processed@='Y',Table,org.openbravo.erpCommon.ad_callouts.SL_Order_Amt
181,Purchase Order,293,Lines,1,20,,,,,lineNo,,C_OrderLine,OrderLine,,org.openbravo.model.common.order,3395,Net List Price,Y,Y,N,N,@GROSSPRICE@='N',,,100,PriceList,800008,Y,Y,,22,,,,@Processed@='Y',Price,org.openbravo.erpCommon.ad_callouts.SL_Order_Amt
181,Purchase Order,293,Lines,1,20,,,,,lineNo,,C_OrderLine,OrderLine,,org.openbravo.model.common.order,C4EEBC80311BE6EEE040007F0100171C,Gross List Price,Y,Y,Y,N,@GROSSPRICE@='Y',,,105,GrossPriceList,22,N,Y,,12,,,,,Number,
181,Purchase Order,293,Lines,1,20,,,,,lineNo,,C_OrderLine,OrderLine,,org.openbravo.model.common.order,3383,Discount %,Y,Y,N,N,,,,110,Discount,22,N,Y,0,22,,,,@Processed@='Y',Number,org.openbravo.erpCommon.ad_callouts.SL_Order_Amt
181,Purchase Order,293,Lines,1,20,,,,,lineNo,,C_OrderLine,OrderLine,,org.openbravo.model.common.order,3398,Description,Y,Y,N,N,,,,120,Description,14,N,Y,,2000,,,,,Text,
181,Purchase Order,293,Lines,1,20,,,,,lineNo,,C_OrderLine,OrderLine,,org.openbravo.model.common.order,7E37B8136CC575EFE040007F0100360F,Alternate Taxable Amount,Y,Y,N,N,@UsesAlternate@='Y',,,130,Taxbaseamt,12,N,Y,,12,,,,@Processed@='Y',Amount,
181,Purchase Order,293,Lines,1,20,,,,,lineNo,,C_OrderLine,OrderLine,,org.openbravo.model.common.order,61B11EA6D16C4948910D06E49A728085,Edit Line Net Amount,Y,N,N,N,,,,180,Iseditlinenetamt,20,N,Y,N,1,,,,@Processed@='Y',YesNo,
181,Purchase Order,293,Lines,1,20,,,,,lineNo,,C_OrderLine,OrderLine,,org.openbravo.model.common.order,3DC4EA7018214268930D02DAC3E60487,Cancel Discounts and Promotions,Y,N,N,N,,,,240,CANCELPRICEAD,20,N,Y,N,0,,,,,YesNo,org.openbravo.erpCommon.ad_callouts.SL_Order_Amt
181,Purchase Order,293,Lines,1,20,,,,,lineNo,,C_OrderLine,OrderLine,,org.openbravo.model.common.order,58795D116FE0409BAAF58D2F25CBA831,Base Gross Unit Price,Y,N,Y,N,@GROSSPRICE@='Y',,,241,grosspricestd,800008,Y,Y,0,12,,,,,Price,
181,Purchase Order,293,Lines,1,20,,,,,lineNo,,C_OrderLine,OrderLine,,org.openbravo.model.common.order,801513,Base Net Unit Price,Y,N,Y,N,@GROSSPRICE@='N',,,241,PriceStd,800008,Y,Y,0,12,,,,,Price,
181,Purchase Order,293,Lines,1,20,,,,,lineNo,,C_OrderLine,OrderLine,,org.openbravo.model.common.order,3388,Warehouse,Y,N,N,N,@DirectShip@='N',,,242,M_Warehouse_ID,18,Y,Y,@M_Warehouse_ID@,22,,,,@OrderType@!'SO',Table,
181,Purchase Order,293,Lines,1,20,,,,,lineNo,,C_OrderLine,OrderLine,,org.openbravo.model.common.order,3390,Reserved Quantity,Y,N,Y,N,@OrderType@='OB' | @OrderType@='SO' | @OrderType@='PO',,,243,QtyReserved,29,Y,N,,10,,,,,Quantity,
181,Purchase Order,293,Lines,1,20,,,,,lineNo,,C_OrderLine,OrderLine,,org.openbravo.model.common.order,3391,Delivered Quantity,Y,N,Y,Y,@Processed@='Y' & @IsStocked@ = 'Y',,,244,QtyDelivered,29,Y,N,,10,,,,,Quantity,
181,Purchase Order,293,Lines,1,20,,,,,lineNo,,C_OrderLine,OrderLine,,org.openbravo.model.common.order,3392,Invoiced Quantity,Y,N,Y,Y,@OrderType@='PO' | @Processed@='Y',,,245,QtyInvoiced,29,Y,N,,10,,,,,Quantity,
181,Purchase Order,293,Lines,1,20,,,,,lineNo,,C_OrderLine,OrderLine,,org.openbravo.model.common.order,3393,Shipping Company,Y,N,N,N,@DeliveryViaRule@='S',,,246,M_Shipper_ID,19,N,Y,@M_Shipper_ID@,22,,,,,TableDir,
181,Purchase Order,293,Lines,1,20,,,,,lineNo,,C_OrderLine,OrderLine,,org.openbravo.model.common.order,3404,Order Date,Y,Y,N,N,@showMRPandProductionFields@='Y',,,247,DateOrdered,15,Y,Y,@DateOrdered@,10,,,,,Date,
181,Purchase Order,293,Lines,1,20,,,,,lineNo,,C_OrderLine,OrderLine,,org.openbravo.model.common.order,3405,Scheduled Delivery Date,Y,Y,N,N,@showMRPandProductionFields@='Y',,,248,DatePromised,15,N,Y,@DatePromised@,10,,,,,Date,
181,Purchase Order,293,Lines,1,20,,,,,lineNo,,C_OrderLine,OrderLine,,org.openbravo.model.common.order,3408,Business Partner,Y,N,Y,N,,,,249,C_BPartner_ID,30,N,Y,@SQL=SELECT C_BPartner_ID AS DefaultValue FROM C_Order WHERE C_Order_ID=@C_Order_ID@,60,,,,@Posted@='Y',Search,
181,Purchase Order,293,Lines,1,20,,,,,lineNo,,C_OrderLine,OrderLine,,org.openbravo.model.common.order,3412,Freight Amount,Y,N,N,N,@FreightCostRule@='L',,,250,FreightAmt,12,Y,Y,,22,,,,,Amount,
181,Purchase Order,293,Lines,1,20,,,,,lineNo,,C_OrderLine,OrderLine,,org.openbravo.model.common.order,3413,Charge,N,N,N,N,,,,251,C_Charge_ID,19,N,Y,,22,,,,@Processed@='Y',TableDir,org.openbravo.erpCommon.ad_callouts.SL_Order_Charge_Tax
181,Purchase Order,293,Lines,1,20,,,,,lineNo,,C_OrderLine,OrderLine,,org.openbravo.model.common.order,3414,Partner Address,Y,N,N,N,,,,252,C_BPartner_Location_ID,19,N,Y,@C_BPartner_Location_ID@,22,,,167,,TableDir,org.openbravo.erpCommon.ad_callouts.SL_Order_Tax
181,Purchase Order,293,Lines,1,20,,,,,lineNo,,C_OrderLine,OrderLine,,org.openbravo.model.common.order,800023,Order Quantity,Y,N,N,N,(@HASSECONDUOM@=1 & @UomManagement@!'Y')  | (@UomManagement@='Y' & @M_Product_Uom_Id@!''),,,260,QuantityOrder,29,N,Y,,10,,,,@Processed@='Y',Quantity,org.openbravo.erpCommon.ad_callouts.SL_Order_Conversion
181,Purchase Order,293,Lines,1,20,,,,,lineNo,,C_OrderLine,OrderLine,,org.openbravo.model.common.order,800024,Order UOM,Y,N,N,N,(@HASSECONDUOM@=1 & @UomManagement@!'Y')  | (@UomManagement@='Y' & @M_Product_Uom_Id@!''),,,270,M_Product_Uom_Id,95E2A8B50A254B2AAE6774B8C2F28120,N,Y,,22,,,,@Processed@='Y',OBUISEL_Selector Reference,org.openbravo.erpCommon.ad_callouts.SL_Order_Conversion
181,Purchase Order,293,Lines,1,20,,,,,lineNo,,C_OrderLine,OrderLine,,org.openbravo.model.common.order,CE883E35999D707CE040007F01002B1E,Manage Prereservation,Y,Y,N,N,@DOCSTATUS@='CO'&@StockReservations@!'',,,280,Manage_Prereservation,28,N,Y,,1,,,,,Button,
181,Purchase Order,293,Lines,1,20,,,,,lineNo,,C_OrderLine,OrderLine,,org.openbravo.model.common.order,CF13D66E0F6D42D297BF68A140620558,Quotation Line,N,Y,N,N,,,,280,Quotationline_ID,30,N,N,,32,,,,,Search,
181,Purchase Order,293,Lines,1,20,,,,,lineNo,,C_OrderLine,OrderLine,,org.openbravo.model.common.order,3409,Organization,Y,Y,N,N,@ACCT_DIMENSION_DISPLAY@,,,1900,AD_Org_ID,19,Y,Y,@AD_Org_ID@,22,,,53AE60A473D2460D8663D7A1BC5BA732,@Posted@='Y',TableDir,
181,Purchase Order,293,Lines,1,20,,,,,lineNo,,C_OrderLine,OrderLine,,org.openbravo.model.common.order,261A7EAD754E4802819F8174FE68F605,Project,Y,Y,N,N,@ACCT_DIMENSION_DISPLAY@,,,2000,C_Project_ID,30,N,Y,,32,,,,@Posted@='Y',Search,
181,Purchase Order,293,Lines,1,20,,,,,lineNo,,C_OrderLine,OrderLine,,org.openbravo.model.common.order,F479EC14852E449DB27CB79507FADF07,Cost Center,Y,Y,N,N,@ACCT_DIMENSION_DISPLAY@,,,2010,C_Costcenter_ID,95E2A8B50A254B2AAE6774B8C2F28120,N,Y,,32,,,,@Posted@='Y',OBUISEL_Selector Reference,
181,Purchase Order,293,Lines,1,20,,,,,lineNo,,C_OrderLine,OrderLine,,org.openbravo.model.common.order,447077B0E2C24FF89B65FAB45940BE9F,Asset,Y,Y,N,N,@$Element_AS@='Y',,,2020,A_Asset_ID,95E2A8B50A254B2AAE6774B8C2F28120,N,Y,,32,,,,@Posted@='Y',OBUISEL_Selector Reference,
181,Purchase Order,293,Lines,1,20,,,,,lineNo,,C_OrderLine,OrderLine,,org.openbravo.model.common.order,D28C4F787B89460499CBD9FACA78B952,1st Dimension,Y,Y,N,N,@ACCT_DIMENSION_DISPLAY@,,,2030,User1_ID,95E2A8B50A254B2AAE6774B8C2F28120,N,Y,,32,,,,@Posted@='Y',OBUISEL_Selector Reference,
181,Purchase Order,293,Lines,1,20,,,,,lineNo,,C_OrderLine,OrderLine,,org.openbravo.model.common.order,838797E4AFB8493A997A30A6DB962966,2nd Dimension,Y,Y,N,N,@ACCT_DIMENSION_DISPLAY@,,,2040,User2_ID,95E2A8B50A254B2AAE6774B8C2F28120,N,Y,,32,,,,@Posted@='Y',OBUISEL_Selector Reference,
181,Purchase Order,293,Lines,1,20,,,,,lineNo,,C_OrderLine,OrderLine,,org.openbravo.model.common.order,D523D045C0050880E040007F0100468E,Explode,Y,Y,N,N,@IsStocked@='N' & @isBOM@='Y' & @explode@!'Y' & @Processed@='N',,,2050,Explode,28,N,Y,,1,,,,,Button,
181,Purchase Order,293,Lines,1,20,,,,,lineNo,,C_OrderLine,OrderLine,,org.openbravo.model.common.order,D523D045C0060880E040007F0100468E,BOM_Parent_ID,Y,N,N,N,,,,2060,BOM_Parent_ID,30,N,Y,,32,,,,,Search,
181,Purchase Order,293,Lines,1,20,,,,,lineNo,,C_OrderLine,OrderLine,,org.openbravo.model.common.order,,Created,Y,N,Y,N,,,,99999,Created,16,Y,N,,19,,,,,DateTime,
181,Purchase Order,293,Lines,1,20,,,,,lineNo,,C_OrderLine,OrderLine,,org.openbravo.model.common.order,,CreatedBy,Y,N,Y,N,,,,99999,CreatedBy,30,Y,N,,22,,,,,Search,
181,Purchase Order,293,Lines,1,20,,,,,lineNo,,C_OrderLine,OrderLine,,org.openbravo.model.common.order,,Overdue_Return_Days,Y,N,Y,N,,,,99999,Overdue_Return_Days,11,N,Y,,12,,,,,Integer,
181,Purchase Order,293,Lines,1,20,,,,,lineNo,,C_OrderLine,OrderLine,,org.openbravo.model.common.order,,Print_Description,Y,N,Y,N,,,,99999,Print_Description,20,Y,Y,N,1,,,,,YesNo,
181,Purchase Order,293,Lines,1,20,,,,,lineNo,,C_OrderLine,OrderLine,,org.openbravo.model.common.order,,Relate_Orderline,Y,N,Y,N,,,,99999,Relate_Orderline,28,Y,Y,N,1,,,,,Button,
181,Purchase Order,293,Lines,1,20,,,,,lineNo,,C_OrderLine,OrderLine,,org.openbravo.model.common.order,,Replacedorderline_id,Y,N,Y,N,,,,99999,Replacedorderline_id,18,N,Y,,32,,,,,Table,
181,Purchase Order,293,Lines,1,20,,,,,lineNo,,C_OrderLine,OrderLine,,org.openbravo.model.common.order,,Returnline,Y,N,Y,N,,,,99999,Returnline,10,N,Y,,1,,,,,String,
181,Purchase Order,293,Lines,1,20,,,,,lineNo,,C_OrderLine,OrderLine,,org.openbravo.model.common.order,,Updated,Y,N,Y,N,,,,99999,Updated,16,Y,N,,19,,,,,DateTime,
181,Purchase Order,293,Lines,1,20,,,,,lineNo,,C_OrderLine,OrderLine,,org.openbravo.model.common.order,,UpdatedBy,Y,N,Y,N,,,,99999,UpdatedBy,30,Y,N,,22,,,,,Search,
181,Purchase Order,293,Lines,1,20,,,,,lineNo,,C_OrderLine,OrderLine,,org.openbravo.model.common.order,3400,Client,Y,N,N,N,,,,,AD_Client_ID,19,Y,N,@AD_Client_ID@,22,,,,@Processed@='Y',TableDir,
181,Purchase Order,293,Lines,1,20,,,,,lineNo,,C_OrderLine,OrderLine,,org.openbravo.model.common.order,3394,Currency,Y,N,Y,N,,,,,C_Currency_ID,19,Y,N,@C_Currency_ID@,22,,,,,TableDir,
181,Purchase Order,293,Lines,1,20,,,,,lineNo,,C_OrderLine,OrderLine,,org.openbravo.model.common.order,3410,Charge Amount,N,N,N,N,@HasCharge@='Y',,,,ChargeAmt,12,N,Y,0,22,,,,@Processed@='Y',Amount,
181,Purchase Order,293,Lines,1,20,,,,,lineNo,,C_OrderLine,OrderLine,,org.openbravo.model.common.order,7E37B8136CC475EFE040007F0100360F,C_Order_Discount_ID,Y,N,N,N,,,,,C_Order_Discount_ID,19,N,Y,,32,,,,,TableDir,
181,Purchase Order,293,Lines,1,20,,,,,lineNo,,C_OrderLine,OrderLine,,org.openbravo.model.common.order,3402,Purchase Order,Y,N,Y,N,,,,,C_Order_ID,30,Y,N,,60,,,,,Search,
181,Purchase Order,293,Lines,1,20,,,,,lineNo,,C_OrderLine,OrderLine,,org.openbravo.model.common.order,3399,Purchase Order Line,Y,N,N,N,,,,,C_OrderLine_ID,13,Y,N,,32,,,,,ID,
181,Purchase Order,293,Lines,1,20,,,,,lineNo,,C_OrderLine,OrderLine,,org.openbravo.model.common.order,CE4DBA92A2EE0C3CE040007F0100316C,Create Reservation,N,N,N,N,,,,,Create_Reservation,17,N,Y,,60,,,,@processed@='Y',List,
181,Purchase Order,293,Lines,1,20,,,,,lineNo,,C_OrderLine,OrderLine,,org.openbravo.model.common.order,3406,Date Delivered,Y,N,Y,N,,,,,DateDelivered,15,N,N,,10,,,,,Date,
181,Purchase Order,293,Lines,1,20,,,,,lineNo,,C_OrderLine,OrderLine,,org.openbravo.model.common.order,3407,Invoice Date,Y,N,Y,N,,,,,DateInvoiced,15,N,N,,10,,,,,Date,
181,Purchase Order,293,Lines,1,20,,,,,lineNo,,C_OrderLine,OrderLine,,org.openbravo.model.common.order,3411,Direct shipment,Y,N,N,N,,,,,DirectShip,20,Y,N,,1,,,,@Processed@='Y',YesNo,
181,Purchase Order,293,Lines,1,20,,,,,lineNo,,C_OrderLine,OrderLine,,org.openbravo.model.common.order,3401,Active,Y,N,N,N,,,,,IsActive,20,Y,Y,,1,,,,,YesNo,
181,Purchase Order,293,Lines,1,20,,,,,lineNo,,C_OrderLine,OrderLine,,org.openbravo.model.common.order,8249,Description Only,Y,N,N,N,,,,,IsDescription,20,Y,Y,N,1,,,,,YesNo,
181,Purchase Order,293,Lines,1,20,,,,,lineNo,,C_OrderLine,OrderLine,,org.openbravo.model.common.order,CE612A71B702D54AE040007F01001500,Manage Reservation,N,N,N,N,,,,,Manage_Reservation,28,N,Y,,1,,,,,Button,
181,Purchase Order,293,Lines,1,20,,,,,lineNo,,C_OrderLine,OrderLine,,org.openbravo.model.common.order,801512,Promotion/Discount,Y,N,N,N,,,,,M_Offer_ID,95E2A8B50A254B2AAE6774B8C2F28120,N,Y,,10,,,,,OBUISEL_Selector Reference,
181,Purchase Order,293,Lines,1,20,,,,,lineNo,,C_OrderLine,OrderLine,,org.openbravo.model.common.order,CB9F7E1068619731E040007F01000F07,Warehouse Rule,Y,N,N,N,,,,,M_Warehouse_Rule_ID,19,N,Y,,32,,,,,TableDir,
181,Purchase Order,293,Lines,1,20,,,,,lineNo,,C_OrderLine,OrderLine,,org.openbravo.model.common.order,3417,Price Limit,Y,N,Y,N,,,,,PriceLimit,800008,Y,Y,,22,,,,,Price,
181,Purchase Order,293,Lines,1,20,,,,,lineNo,,C_OrderLine,OrderLine,,org.openbravo.model.common.order,5904,SO/PO Reference,N,N,Y,N,,,,,Ref_OrderLine_ID,30,N,N,,60,,,,,Search,
181,Purchase Order,293,Lines,1,20,,,,,lineNo,,C_OrderLine,OrderLine,,org.openbravo.model.common.order,CE4DBA92A2EF0C3CE040007F0100316C,Reservation Status,N,N,N,N,,,,,SO_Res_Status,17,N,Y,,60,,,,,List,
181,Purchase Order,293,Lines,1,20,,,,,lineNo,,C_OrderLine,OrderLine,,org.openbravo.model.common.order,5388,Resource Assignment,Y,N,N,N,,,,,S_ResourceAssignment_ID,33,N,Y,,22,,,,,Assignment,
181,Purchase Order,ADBD1719BFA14C97A32C7B6E8452D14F,Line Tax,2,27,,C_OrderLineTax.Line,,,lineNo,,C_OrderLineTax,OrderLineTax,,org.openbravo.model.ad.access,7E595A11D651446FE040007F010052E9,Line No.,Y,Y,N,N,,,,10,Line,11,N,Y,"@SQL=SELECT COALESCE(MAX(LINE),0)+10 AS DefaultValue FROM C_ORDERLINETAX WHERE C_ORDERLINE_ID=@C_OrderLine_ID@",12,,,,,Integer,
181,Purchase Order,ADBD1719BFA14C97A32C7B6E8452D14F,Line Tax,2,27,,C_OrderLineTax.Line,,,lineNo,,C_OrderLineTax,OrderLineTax,,org.openbravo.model.ad.access,7E595A11D64F446FE040007F010052E9,Tax,Y,Y,N,N,,,,20,C_Tax_ID,19,Y,Y,,32,,,,,TableDir,
181,Purchase Order,ADBD1719BFA14C97A32C7B6E8452D14F,Line Tax,2,27,,C_OrderLineTax.Line,,,lineNo,,C_OrderLineTax,OrderLineTax,,org.openbravo.model.ad.access,7E595A11D653446FE040007F010052E9,Taxable Amount,Y,Y,N,N,,,,30,Taxbaseamt,12,Y,Y,0,12,,,,,Amount,
181,Purchase Order,ADBD1719BFA14C97A32C7B6E8452D14F,Line Tax,2,27,,C_OrderLineTax.Line,,,lineNo,,C_OrderLineTax,OrderLineTax,,org.openbravo.model.ad.access,7E595A11D652446FE040007F010052E9,Tax Amount,Y,Y,N,N,,,,40,Taxamt,12,Y,Y,0,12,,,,,Amount,
181,Purchase Order,ADBD1719BFA14C97A32C7B6E8452D14F,Line Tax,2,27,,C_OrderLineTax.Line,,,lineNo,,C_OrderLineTax,OrderLineTax,,org.openbravo.model.ad.access,,Created,Y,N,Y,N,,,,99999,Created,16,Y,N,SYSDATE,19,,,,,DateTime,
181,Purchase Order,ADBD1719BFA14C97A32C7B6E8452D14F,Line Tax,2,27,,C_OrderLineTax.Line,,,lineNo,,C_OrderLineTax,OrderLineTax,,org.openbravo.model.ad.access,,Createdby,Y,N,Y,N,,,,99999,Createdby,30,Y,N,,32,,,,,Search,
181,Purchase Order,ADBD1719BFA14C97A32C7B6E8452D14F,Line Tax,2,27,,C_OrderLineTax.Line,,,lineNo,,C_OrderLineTax,OrderLineTax,,org.openbravo.model.ad.access,,Updated,Y,N,Y,N,,,,99999,Updated,16,Y,N,SYSDATE,19,,,,,DateTime,
181,Purchase Order,ADBD1719BFA14C97A32C7B6E8452D14F,Line Tax,2,27,,C_OrderLineTax.Line,,,lineNo,,C_OrderLineTax,OrderLineTax,,org.openbravo.model.ad.access,,Updatedby,Y,N,Y,N,,,,99999,Updatedby,30,Y,N,,32,,,,,Search,
181,Purchase Order,ADBD1719BFA14C97A32C7B6E8452D14F,Line Tax,2,27,,C_OrderLineTax.Line,,,lineNo,,C_OrderLineTax,OrderLineTax,,org.openbravo.model.ad.access,7E595A11D64A446FE040007F010052E9,Client,Y,N,N,N,,,,,AD_Client_ID,19,Y,N,@AD_CLIENT_ID@,32,,,103,,TableDir,
181,Purchase Order,ADBD1719BFA14C97A32C7B6E8452D14F,Line Tax,2,27,,C_OrderLineTax.Line,,,lineNo,,C_OrderLineTax,OrderLineTax,,org.openbravo.model.ad.access,7E595A11D64B446FE040007F010052E9,Organization,Y,N,N,N,,,,,AD_Org_ID,19,Y,N,@AD_ORG_ID@,32,,,104,,TableDir,
181,Purchase Order,ADBD1719BFA14C97A32C7B6E8452D14F,Line Tax,2,27,,C_OrderLineTax.Line,,,lineNo,,C_OrderLineTax,OrderLineTax,,org.openbravo.model.ad.access,7E595A11D64C446FE040007F010052E9,Purchase Order,Y,N,N,N,,,,,C_Order_ID,19,Y,N,,32,,,,,TableDir,
181,Purchase Order,ADBD1719BFA14C97A32C7B6E8452D14F,Line Tax,2,27,,C_OrderLineTax.Line,,,lineNo,,C_OrderLineTax,OrderLineTax,,org.openbravo.model.ad.access,7E595A11D64D446FE040007F010052E9,Purchase Order Line,Y,N,N,N,,,,,C_Orderline_ID,30,Y,N,,32,,,,,Search,
181,Purchase Order,ADBD1719BFA14C97A32C7B6E8452D14F,Line Tax,2,27,,C_OrderLineTax.Line,,,lineNo,,C_OrderLineTax,OrderLineTax,,org.openbravo.model.ad.access,7E595A11D64E446FE040007F010052E9,Order Line Tax,Y,N,N,N,,,,,C_Orderlinetax_ID,13,Y,N,,32,,,,,ID,
181,Purchase Order,ADBD1719BFA14C97A32C7B6E8452D14F,Line Tax,2,27,,C_OrderLineTax.Line,,,lineNo,,C_OrderLineTax,OrderLineTax,,org.openbravo.model.ad.access,7E595A11D650446FE040007F010052E9,Active,Y,N,N,N,,,,,Isactive,20,Y,Y,Y,1,,,,,YesNo,
181,Purchase Order,15AB548E781248DBBAE32A7646B98AF8,Intrastat,2,28,,,,,,,INTR_C_ORDERLINE,IntrastatOrderLine,,org.openbravo.module.intrastat,E9232AE996584C9C8AE3A98C745ED0E2,Client,Y,Y,N,N,,,,10,AD_Client_ID,19,Y,N,@AD_CLIENT_ID@,32,,,103,,TableDir,
181,Purchase Order,15AB548E781248DBBAE32A7646B98AF8,Intrastat,2,28,,,,,,,INTR_C_ORDERLINE,IntrastatOrderLine,,org.openbravo.module.intrastat,228E6947888B402CB6297A61ECD1859F,Organization,Y,Y,N,N,,,,20,AD_Org_ID,19,Y,N,@AD_ORG_ID@,32,,,104,,TableDir,
181,Purchase Order,15AB548E781248DBBAE32A7646B98AF8,Intrastat,2,28,,,,,,,INTR_C_ORDERLINE,IntrastatOrderLine,,org.openbravo.module.intrastat,890E3601985D47E697C6F85DDBB40C91,Purchase Order Line,Y,Y,Y,N,,,,30,C_Orderline_ID,30,Y,Y,,32,,,,,Search,
181,Purchase Order,15AB548E781248DBBAE32A7646B98AF8,Intrastat,2,28,,,,,,,INTR_C_ORDERLINE,IntrastatOrderLine,,org.openbravo.module.intrastat,531A63E826304C4A92626214CF85A01C,Product,Y,Y,Y,N,,,,40,M_Product_ID,30,Y,Y,,32,,,,,Search,
181,Purchase Order,15AB548E781248DBBAE32A7646B98AF8,Intrastat,2,28,,,,,,,INTR_C_ORDERLINE,IntrastatOrderLine,,org.openbravo.module.intrastat,844A1E33C59C46B6BF647DE2B0FE6705,Incoterms,Y,Y,N,N,,,,50,C_Incoterms_ID,19,N,Y,,32,,,,@INTR_ORDER@='Y',TableDir,
181,Purchase Order,15AB548E781248DBBAE32A7646B98AF8,Intrastat,2,28,,,,,,,INTR_C_ORDERLINE,IntrastatOrderLine,,org.openbravo.module.intrastat,216D685BAB5D4C718F5E43E23566C248,Transaction Type,Y,Y,N,N,,,,60,Transaction_Type,17,N,Y,,60,,,,@INTR_ORDER@='Y',List,
181,Purchase Order,15AB548E781248DBBAE32A7646B98AF8,Intrastat,2,28,,,,,,,INTR_C_ORDERLINE,IntrastatOrderLine,,org.openbravo.module.intrastat,C7F9C50AA2134714958766CB631856A6,Transportation Type,Y,Y,N,N,,,,70,Transportation_Type,17,N,Y,,60,,,,@INTR_ORDER@='Y',List,
181,Purchase Order,15AB548E781248DBBAE32A7646B98AF8,Intrastat,2,28,,,,,,,INTR_C_ORDERLINE,IntrastatOrderLine,,org.openbravo.module.intrastat,07D117259A5840BE846C1248E119B639,Port/Airport,Y,Y,N,N,@Transportation_Type@='1' | @Transportation_Type@='4',,,80,Port,17,N,Y,,60,,,,@INTR_ORDER@='Y',List,
181,Purchase Order,15AB548E781248DBBAE32A7646B98AF8,Intrastat,2,28,,,,,,,INTR_C_ORDERLINE,IntrastatOrderLine,,org.openbravo.module.intrastat,55978635A329477BAD718240FE88F9E1,Statistical Regime,Y,Y,N,N,,,,90,Statistical_Regime,17,N,Y,,60,,,,@INTR_ORDER@='Y',List,
181,Purchase Order,15AB548E781248DBBAE32A7646B98AF8,Intrastat,2,28,,,,,,,INTR_C_ORDERLINE,IntrastatOrderLine,,org.openbravo.module.intrastat,7C653F91B02A4AD4AC1172F3BC3DD619,Country of Origin,Y,Y,N,N,,,,100,Orig_C_Country_ID,18,N,Y,,32,,,,@INTR_ORDER@='Y',Table,
181,Purchase Order,15AB548E781248DBBAE32A7646B98AF8,Intrastat,2,28,,,,,,,INTR_C_ORDERLINE,IntrastatOrderLine,,org.openbravo.module.intrastat,3EAE727ACDEE41478EE062F21D2EFF63,Commodity Code,Y,Y,N,N,,,,110,NC8_Code,10,N,Y,,8,,,,@INTR_ORDER@='Y',String,
181,Purchase Order,15AB548E781248DBBAE32A7646B98AF8,Intrastat,2,28,,,,,,,INTR_C_ORDERLINE,IntrastatOrderLine,,org.openbravo.module.intrastat,E02AE75180134F3EA7EFA96129632918,Net Mass (Kg),Y,Y,N,N,,,,120,Netmass_Kg,22,N,Y,,22,,,,@INTR_ORDER@='Y',Number,
181,Purchase Order,15AB548E781248DBBAE32A7646B98AF8,Intrastat,2,28,,,,,,,INTR_C_ORDERLINE,IntrastatOrderLine,,org.openbravo.module.intrastat,30C6B493E4C64834BBB560CD83C6F849,Has Suplementary Unit,Y,Y,N,N,,,,130,Hasunit,20,Y,Y,N,1,,,,@INTR_ORDER@='Y',YesNo,
181,Purchase Order,15AB548E781248DBBAE32A7646B98AF8,Intrastat,2,28,,,,,,,INTR_C_ORDERLINE,IntrastatOrderLine,,org.openbravo.module.intrastat,3518DDC862A94F23BAE90DF600D8332F,Supplementary UOM,Y,Y,N,N,@Hasunit@='Y',,,140,Intr_C_Uom_ID,19,N,Y,,32,,,,@INTR_ORDER@='Y',TableDir,
181,Purchase Order,15AB548E781248DBBAE32A7646B98AF8,Intrastat,2,28,,,,,,,INTR_C_ORDERLINE,IntrastatOrderLine,,org.openbravo.module.intrastat,B189001C3A284476B79AB1B87BEA8B82,Conversion Rate,Y,Y,N,N,@Hasunit@='Y',,,150,Conversion,12,N,Y,,22,,,,@INTR_ORDER@='Y',Amount,
181,Purchase Order,15AB548E781248DBBAE32A7646B98AF8,Intrastat,2,28,,,,,,,INTR_C_ORDERLINE,IntrastatOrderLine,,org.openbravo.module.intrastat,,Created,Y,N,Y,N,,,,99999,Created,16,Y,N,@#Date@,19,,,,,DateTime,
181,Purchase Order,15AB548E781248DBBAE32A7646B98AF8,Intrastat,2,28,,,,,,,INTR_C_ORDERLINE,IntrastatOrderLine,,org.openbravo.module.intrastat,,Createdby,Y,N,Y,N,,,,99999,Createdby,30,Y,N,,32,,,,,Search,
181,Purchase Order,15AB548E781248DBBAE32A7646B98AF8,Intrastat,2,28,,,,,,,INTR_C_ORDERLINE,IntrastatOrderLine,,org.openbravo.module.intrastat,,Updated,Y,N,Y,N,,,,99999,Updated,16,Y,N,@#Date@,19,,,,,DateTime,
181,Purchase Order,15AB548E781248DBBAE32A7646B98AF8,Intrastat,2,28,,,,,,,INTR_C_ORDERLINE,IntrastatOrderLine,,org.openbravo.module.intrastat,,Updatedby,Y,N,Y,N,,,,99999,Updatedby,30,Y,N,,32,,,,,Search,
181,Purchase Order,15AB548E781248DBBAE32A7646B98AF8,Intrastat,2,28,,,,,,,INTR_C_ORDERLINE,IntrastatOrderLine,,org.openbravo.module.intrastat,5EA06B036D9648F9AA4EA9EA9A229BD1,Intr_C_Orderline_ID,Y,N,N,N,,,,,Intr_C_Orderline_ID,13,Y,N,,32,,,,,ID,
181,Purchase Order,15AB548E781248DBBAE32A7646B98AF8,Intrastat,2,28,,,,,,,INTR_C_ORDERLINE,IntrastatOrderLine,,org.openbravo.module.intrastat,2DE7EA4438A64856AE5FD4420523DDD2,Active,Y,N,N,N,,,,,Isactive,20,Y,Y,Y,1,,,,,YesNo,
181,Purchase Order,64B971D786A646DC9656534AABB13FA9,Prereserved Qty,2,28,,,,,,,M_Reservation_Stock,ReservationStock,,org.openbravo.model.materialmgmt.onhandquantity,CEF0AE69A5DEF9DCE040007F010028FE,Stock Reservation,Y,Y,N,N,,,,10,M_Reservation_ID,95E2A8B50A254B2AAE6774B8C2F28120,Y,N,,32,,,,,OBUISEL_Selector Reference,
181,Purchase Order,64B971D786A646DC9656534AABB13FA9,Prereserved Qty,2,28,,,,,,,C_OrderLine,OrderLine,,org.openbravo.model.common.order,801E3D9BC2A74C7F9E48D8BE9B272510,Customer,Y,Y,N,N,,,,15,C_BPartner_ID,30,N,Y,@SQL=SELECT C_BPartner_ID AS DefaultValue FROM C_Order WHERE C_Order_ID=@C_Order_ID@,60,,,,@Posted@='Y',Search,
181,Purchase Order,64B971D786A646DC9656534AABB13FA9,Prereserved Qty,2,28,,,,,,,M_Reservation_Stock,ReservationStock,,org.openbravo.model.materialmgmt.onhandquantity,CEF0AE69A5E2F9DCE040007F010028FE,Storage Bin,Y,Y,N,N,,,,20,M_Locator_ID,30,N,Y,,32,,,,,Search,
181,Purchase Order,64B971D786A646DC9656534AABB13FA9,Prereserved Qty,2,28,,,,,,,M_Reservation_Stock,ReservationStock,,org.openbravo.model.materialmgmt.onhandquantity,CEF0AE69A5E3F9DCE040007F010028FE,Attribute Set Value,Y,Y,N,N,,,,30,M_Attributesetinstance_ID,35,N,Y,,32,,,,,PAttribute,
181,Purchase Order,64B971D786A646DC9656534AABB13FA9,Prereserved Qty,2,28,,,,,,,M_Reservation_Stock,ReservationStock,,org.openbravo.model.materialmgmt.onhandquantity,CEF0AE69A5E1F9DCE040007F010028FE,Allocated,Y,Y,N,N,,,,40,IsAllocated,20,Y,Y,N,1,,,,,YesNo,
181,Purchase Order,64B971D786A646DC9656534AABB13FA9,Prereserved Qty,2,28,,,,,,,M_Reservation_Stock,ReservationStock,,org.openbravo.model.materialmgmt.onhandquantity,CEF0AE69A5E0F9DCE040007F010028FE,Quantity,Y,Y,N,N,,,,50,Quantity,29,Y,Y,,12,,,,,Quantity,
181,Purchase Order,64B971D786A646DC9656534AABB13FA9,Prereserved Qty,2,28,,,,,,,M_Reservation_Stock,ReservationStock,,org.openbravo.model.materialmgmt.onhandquantity,CEF0AE69A5E4F9DCE040007F010028FE,Released,Y,Y,N,N,,,,60,ReleasedQty,29,N,Y,,12,,,,,Quantity,
181,Purchase Order,64B971D786A646DC9656534AABB13FA9,Prereserved Qty,2,28,,,,,,,M_Reservation_Stock,ReservationStock,,org.openbravo.model.materialmgmt.onhandquantity,,Created,Y,N,Y,N,,,,99999,Created,16,Y,N,SYSDATE,19,,,,,DateTime,
181,Purchase Order,64B971D786A646DC9656534AABB13FA9,Prereserved Qty,2,28,,,,,,,M_Reservation_Stock,ReservationStock,,org.openbravo.model.materialmgmt.onhandquantity,,Createdby,Y,N,Y,N,,,,99999,Createdby,30,Y,N,,32,,,,,Search,
181,Purchase Order,64B971D786A646DC9656534AABB13FA9,Prereserved Qty,2,28,,,,,,,M_Reservation_Stock,ReservationStock,,org.openbravo.model.materialmgmt.onhandquantity,,Updated,Y,N,Y,N,,,,99999,Updated,16,Y,N,SYSDATE,19,,,,,DateTime,
181,Purchase Order,64B971D786A646DC9656534AABB13FA9,Prereserved Qty,2,28,,,,,,,M_Reservation_Stock,ReservationStock,,org.openbravo.model.materialmgmt.onhandquantity,,Updatedby,Y,N,Y,N,,,,99999,Updatedby,30,Y,N,,32,,,,,Search,
181,Purchase Order,64B971D786A646DC9656534AABB13FA9,Prereserved Qty,2,28,,,,,,,M_Reservation_Stock,ReservationStock,,org.openbravo.model.materialmgmt.onhandquantity,CEF0AE69A5DBF9DCE040007F010028FE,Client,Y,N,N,N,,,,,AD_Client_ID,19,Y,N,@AD_CLIENT_ID@,32,,,,,TableDir,
181,Purchase Order,64B971D786A646DC9656534AABB13FA9,Prereserved Qty,2,28,,,,,,,M_Reservation_Stock,ReservationStock,,org.openbravo.model.materialmgmt.onhandquantity,CEF0AE69A5DCF9DCE040007F010028FE,Organization,Y,N,N,N,,,,,AD_Org_ID,19,Y,N,@AD_ORG_ID@,32,,,,,TableDir,
181,Purchase Order,64B971D786A646DC9656534AABB13FA9,Prereserved Qty,2,28,,,,,,,M_Reservation_Stock,ReservationStock,,org.openbravo.model.materialmgmt.onhandquantity,CEF0AE69A5DFF9DCE040007F010028FE,Purchase Order Line,Y,N,N,N,,,,,C_Orderline_ID,30,N,Y,,32,,,,,Search,
181,Purchase Order,64B971D786A646DC9656534AABB13FA9,Prereserved Qty,2,28,,,,,,,M_Reservation_Stock,ReservationStock,,org.openbravo.model.materialmgmt.onhandquantity,CEF0AE69A5DDF9DCE040007F010028FE,Active,Y,N,N,N,,,,,Isactive,20,Y,Y,Y,1,,,,,YesNo,
181,Purchase Order,64B971D786A646DC9656534AABB13FA9,Prereserved Qty,2,28,,,,,,,M_Reservation_Stock,ReservationStock,,org.openbravo.model.materialmgmt.onhandquantity,CEF0AE69A5DAF9DCE040007F010028FE,Reservation Stock,Y,N,N,N,,,,,M_Reservation_Stock_ID,13,Y,N,,32,,,,,ID,
181,Purchase Order,1011100001,Basic Discounts,1,30,,,,,lineNo,,C_Order_Discount,OrderDiscount,,org.openbravo.model.common.order,1011100023,Line No.,Y,Y,N,N,,,,10,Line,11,Y,Y,"@SQL=SELECT COALESCE(MAX(LINE),0)+10 AS DefaultValue FROM C_ORDER_DISCOUNT WHERE C_ORDER_ID=@C_ORDER_ID@",12,,,,@Processed@='Y',Integer,
181,Purchase Order,1011100001,Basic Discounts,1,30,,,,,lineNo,,C_Order_Discount,OrderDiscount,,org.openbravo.model.common.order,1011100018,Basic Discount,Y,Y,N,N,,,,20,C_Discount_ID,19,Y,Y,,32,,,,@Processed@='Y',TableDir,
181,Purchase Order,1011100001,Basic Discounts,1,30,,,,,lineNo,,C_Order_Discount,OrderDiscount,,org.openbravo.model.common.order,1011100021,Cascade,Y,Y,N,N,,,,30,Cascade,20,Y,Y,N,1,,,,@Processed@='Y',YesNo,
181,Purchase Order,1011100001,Basic Discounts,1,30,,,,,lineNo,,C_Order_Discount,OrderDiscount,,org.openbravo.model.common.order,1011100022,Active,Y,Y,N,N,,,,40,Isactive,20,Y,Y,Y,1,,,,@Processed@='Y',YesNo,
181,Purchase Order,1011100001,Basic Discounts,1,30,,,,,lineNo,,C_Order_Discount,OrderDiscount,,org.openbravo.model.common.order,,Created,Y,N,Y,N,,,,99999,Created,16,Y,N,SYSDATE,19,,,,,DateTime,
181,Purchase Order,1011100001,Basic Discounts,1,30,,,,,lineNo,,C_Order_Discount,OrderDiscount,,org.openbravo.model.common.order,,Createdby,Y,N,Y,N,,,,99999,Createdby,30,Y,N,,12,,,,,Search,
181,Purchase Order,1011100001,Basic Discounts,1,30,,,,,lineNo,,C_Order_Discount,OrderDiscount,,org.openbravo.model.common.order,,Updated,Y,N,Y,N,,,,99999,Updated,16,Y,N,SYSDATE,19,,,,,DateTime,
181,Purchase Order,1011100001,Basic Discounts,1,30,,,,,lineNo,,C_Order_Discount,OrderDiscount,,org.openbravo.model.common.order,,Updatedby,Y,N,Y,N,,,,99999,Updatedby,30,Y,N,,32,,,,,Search,
181,Purchase Order,1011100001,Basic Discounts,1,30,,,,,lineNo,,C_Order_Discount,OrderDiscount,,org.openbravo.model.common.order,1011100016,Client,Y,N,N,N,,,,,AD_Client_ID,19,Y,N,@AD_CLIENT_ID@,32,,,103,@Processed@='Y',TableDir,
181,Purchase Order,1011100001,Basic Discounts,1,30,,,,,lineNo,,C_Order_Discount,OrderDiscount,,org.openbravo.model.common.order,1011100017,Organization,Y,N,N,N,,,,,AD_Org_ID,19,Y,Y,@AD_ORG_ID@,32,,,104,@Processed@='Y',TableDir,
181,Purchase Order,1011100001,Basic Discounts,1,30,,,,,lineNo,,C_Order_Discount,OrderDiscount,,org.openbravo.model.common.order,1011100019,C_Order_Discount_ID,Y,N,N,N,,,,,C_Order_Discount_ID,13,Y,N,,32,,,,,ID,
181,Purchase Order,1011100001,Basic Discounts,1,30,,,,,lineNo,,C_Order_Discount,OrderDiscount,,org.openbravo.model.common.order,1011100020,Purchase Order,Y,N,N,N,,,,,C_Order_ID,30,Y,N,,32,,,,,Search,
181,Purchase Order,295,Tax,1,30,,C_OrderTax.Line,,,lineNo,,C_OrderTax,OrderTax,,org.openbravo.model.common.order,803561,Line No.,Y,Y,N,N,,,,10,Line,11,N,Y,"@SQL=SELECT COALESCE(MAX(LINE),0)+10 AS DefaultValue FROM C_ORDERTAX WHERE C_Order_ID=@C_Order_ID@",12,,,,,Integer,
181,Purchase Order,295,Tax,1,30,,C_OrderTax.Line,,,lineNo,,C_OrderTax,OrderTax,,org.openbravo.model.common.order,3470,Tax,Y,Y,N,N,,,,20,C_Tax_ID,19,Y,N,,22,,,,,TableDir,
181,Purchase Order,295,Tax,1,30,,C_OrderTax.Line,,,lineNo,,C_OrderTax,OrderTax,,org.openbravo.model.common.order,3473,Tax Amount,Y,Y,Y,N,,,,30,TaxAmt,12,Y,N,,22,,,,,Amount,
181,Purchase Order,295,Tax,1,30,,C_OrderTax.Line,,,lineNo,,C_OrderTax,OrderTax,,org.openbravo.model.common.order,3474,Taxable Amount,Y,Y,Y,N,,,,40,TaxBaseAmt,12,Y,N,0,22,,,,,Amount,
181,Purchase Order,295,Tax,1,30,,C_OrderTax.Line,,,lineNo,,C_OrderTax,OrderTax,,org.openbravo.model.common.order,,Created,Y,N,Y,N,,,,99999,Created,16,Y,N,,19,,,,,DateTime,
181,Purchase Order,295,Tax,1,30,,C_OrderTax.Line,,,lineNo,,C_OrderTax,OrderTax,,org.openbravo.model.common.order,,CreatedBy,Y,N,Y,N,,,,99999,CreatedBy,30,Y,N,,22,,,,,Search,
181,Purchase Order,295,Tax,1,30,,C_OrderTax.Line,,,lineNo,,C_OrderTax,OrderTax,,org.openbravo.model.common.order,,Updated,Y,N,Y,N,,,,99999,Updated,16,Y,N,,19,,,,,DateTime,
181,Purchase Order,295,Tax,1,30,,C_OrderTax.Line,,,lineNo,,C_OrderTax,OrderTax,,org.openbravo.model.common.order,,UpdatedBy,Y,N,Y,N,,,,99999,UpdatedBy,30,Y,N,,22,,,,,Search,
181,Purchase Order,295,Tax,1,30,,C_OrderTax.Line,,,lineNo,,C_OrderTax,OrderTax,,org.openbravo.model.common.order,3468,Client,Y,N,N,N,,,,,AD_Client_ID,19,Y,N,@AD_Client_ID@,22,,,,,TableDir,
181,Purchase Order,295,Tax,1,30,,C_OrderTax.Line,,,lineNo,,C_OrderTax,OrderTax,,org.openbravo.model.common.order,3469,Organization,Y,N,N,N,,,,,AD_Org_ID,19,Y,Y,@AD_Org_ID@,22,,,,,TableDir,
181,Purchase Order,295,Tax,1,30,,C_OrderTax.Line,,,lineNo,,C_OrderTax,OrderTax,,org.openbravo.model.common.order,3472,Purchase Order,Y,N,Y,N,,,,,C_Order_ID,30,Y,N,,60,,,,,Search,
181,Purchase Order,295,Tax,1,30,,C_OrderTax.Line,,,lineNo,,C_OrderTax,OrderTax,,org.openbravo.model.common.order,521F8231190C6C29E040007F01001B31,Order Tax,Y,N,N,N,,,,,C_OrderTax_ID,13,Y,Y,,32,,,,,ID,
181,Purchase Order,295,Tax,1,30,,C_OrderTax.Line,,,lineNo,,C_OrderTax,OrderTax,,org.openbravo.model.common.order,3471,Active,Y,N,N,N,,,,,IsActive,20,Y,Y,,1,,,,,YesNo,
181,Purchase Order,FA57D75B1BBB4583B4A777008A29BF54,Payment Plan,1,35,,,,,,,FIN_Payment_Sched_Ord_V,FIN_PaymentSchedOrdV,,org.openbravo.model.financialmgmt.payment,1F5BF8D0EB784E60B786C5E6666B5944,Due Date,Y,Y,N,N,,,,10,Duedate,15,N,Y,,19,,,,,Date,
181,Purchase Order,FA57D75B1BBB4583B4A777008A29BF54,Payment Plan,1,35,,,,,,,FIN_Payment_Sched_Ord_V,FIN_PaymentSchedOrdV,,org.openbravo.model.financialmgmt.payment,BE902DC15B9B49F8828C71AD5722716D,Payment Method,Y,Y,N,N,,,,20,FIN_Paymentmethod_ID,30,Y,Y,,32,,,,,Search,
181,Purchase Order,FA57D75B1BBB4583B4A777008A29BF54,Payment Plan,1,35,,,,,,,FIN_Payment_Sched_Ord_V,FIN_PaymentSchedOrdV,,org.openbravo.model.financialmgmt.payment,4D1FA38BA3B44F2AA3E19247FC3DB3EE,Expected Amount,Y,Y,N,N,,,,30,Expected,12,Y,Y,,12,,,,,Amount,
181,Purchase Order,FA57D75B1BBB4583B4A777008A29BF54,Payment Plan,1,35,,,,,,,FIN_Payment_Sched_Ord_V,FIN_PaymentSchedOrdV,,org.openbravo.model.financialmgmt.payment,44101C09C7884CC4B2DF7367012382A2,Paid,Y,Y,N,N,,,,40,Received,12,Y,Y,,12,,,,,Amount,
181,Purchase Order,FA57D75B1BBB4583B4A777008A29BF54,Payment Plan,1,35,,,,,,,FIN_Payment_Sched_Ord_V,FIN_PaymentSchedOrdV,,org.openbravo.model.financialmgmt.payment,D713EA6B98544AE2B2B52F2E23E18E88,Outstanding,Y,Y,N,N,,,,50,Outstanding,12,Y,Y,,12,,,,,Amount,
181,Purchase Order,FA57D75B1BBB4583B4A777008A29BF54,Payment Plan,1,35,,,,,,,FIN_Payment_Sched_Ord_V,FIN_PaymentSchedOrdV,,org.openbravo.model.financialmgmt.payment,07D342328D8B4289811B84E1E56D45D0,Last Payment Date,Y,Y,N,N,,,,60,Lastpayment,15,N,Y,,19,,,,,Date,
181,Purchase Order,FA57D75B1BBB4583B4A777008A29BF54,Payment Plan,1,35,,,,,,,FIN_Payment_Sched_Ord_V,FIN_PaymentSchedOrdV,,org.openbravo.model.financialmgmt.payment,6482EC5269CB42CCBC5933A13DF906A5,Number of Payments,Y,Y,N,N,,,,70,Numberofpayments,11,N,Y,,12,,,,,Integer,
181,Purchase Order,FA57D75B1BBB4583B4A777008A29BF54,Payment Plan,1,35,,,,,,,FIN_Payment_Sched_Ord_V,FIN_PaymentSchedOrdV,,org.openbravo.model.financialmgmt.payment,2C3C6561C2DB4025A367330BB9070FCB,Currency,Y,Y,N,N,,,,80,C_Currency_ID,30,Y,Y,,32,,,,,Search,
181,Purchase Order,FA57D75B1BBB4583B4A777008A29BF54,Payment Plan,1,35,,,,,,,FIN_Payment_Sched_Ord_V,FIN_PaymentSchedOrdV,,org.openbravo.model.financialmgmt.payment,,Created,Y,N,Y,N,,,,99999,Created,16,Y,N,,19,,,,,DateTime,
181,Purchase Order,FA57D75B1BBB4583B4A777008A29BF54,Payment Plan,1,35,,,,,,,FIN_Payment_Sched_Ord_V,FIN_PaymentSchedOrdV,,org.openbravo.model.financialmgmt.payment,,Createdby,Y,N,Y,N,,,,99999,Createdby,30,Y,N,,32,,,,,Search,
181,Purchase Order,FA57D75B1BBB4583B4A777008A29BF54,Payment Plan,1,35,,,,,,,FIN_Payment_Sched_Ord_V,FIN_PaymentSchedOrdV,,org.openbravo.model.financialmgmt.payment,,FIN_Payment_Priority_ID,Y,N,Y,N,,,,99999,FIN_Payment_Priority_ID,30,N,Y,,32,,,,,Search,
181,Purchase Order,FA57D75B1BBB4583B4A777008A29BF54,Payment Plan,1,35,,,,,,,FIN_Payment_Sched_Ord_V,FIN_PaymentSchedOrdV,,org.openbravo.model.financialmgmt.payment,,Updated,Y,N,Y,N,,,,99999,Updated,16,Y,N,,19,,,,,DateTime,
181,Purchase Order,FA57D75B1BBB4583B4A777008A29BF54,Payment Plan,1,35,,,,,,,FIN_Payment_Sched_Ord_V,FIN_PaymentSchedOrdV,,org.openbravo.model.financialmgmt.payment,,Updatedby,Y,N,Y,N,,,,99999,Updatedby,30,Y,N,,32,,,,,Search,
181,Purchase Order,FA57D75B1BBB4583B4A777008A29BF54,Payment Plan,1,35,,,,,,,FIN_Payment_Sched_Ord_V,FIN_PaymentSchedOrdV,,org.openbravo.model.financialmgmt.payment,,Update_Payment_Plan,Y,N,Y,N,,,,99999,Update_Payment_Plan,28,N,Y,,1,,,,,Button,
181,Purchase Order,FA57D75B1BBB4583B4A777008A29BF54,Payment Plan,1,35,,,,,,,FIN_Payment_Sched_Ord_V,FIN_PaymentSchedOrdV,,org.openbravo.model.financialmgmt.payment,29669BE23C574732A8BE6A8F8A879DAF,Client,Y,N,N,N,,,,,AD_Client_ID,30,Y,N,@AD_CLIENT_ID@,32,,,129,,Search,
181,Purchase Order,FA57D75B1BBB4583B4A777008A29BF54,Payment Plan,1,35,,,,,,,FIN_Payment_Sched_Ord_V,FIN_PaymentSchedOrdV,,org.openbravo.model.financialmgmt.payment,261FE17E9113447085E831DBA905C66A,Organization,Y,N,N,N,,,,,AD_Org_ID,30,Y,N,@AD_ORG_ID@,32,,,130,,Search,
181,Purchase Order,FA57D75B1BBB4583B4A777008A29BF54,Payment Plan,1,35,,,,,,,FIN_Payment_Sched_Ord_V,FIN_PaymentSchedOrdV,,org.openbravo.model.financialmgmt.payment,AB88F335734345BA8817A6CA6EA69806,Invoice,Y,N,N,N,,,,,C_Invoice_ID,30,N,N,,32,,,,,Search,
181,Purchase Order,FA57D75B1BBB4583B4A777008A29BF54,Payment Plan,1,35,,,,,,,FIN_Payment_Sched_Ord_V,FIN_PaymentSchedOrdV,,org.openbravo.model.financialmgmt.payment,1F9EE5F6538148DA8866175302B4C16F,Purchase Order,Y,N,N,N,,,,,C_Order_ID,30,N,Y,,32,,,,,Search,
181,Purchase Order,FA57D75B1BBB4583B4A777008A29BF54,Payment Plan,1,35,,,,,,,FIN_Payment_Sched_Ord_V,FIN_PaymentSchedOrdV,,org.openbravo.model.financialmgmt.payment,741DEAEF26C848BDAC6BEDB333088D7E,Order Payment Out Plan,Y,N,N,N,,,,,Fin_Payment_Sched_Ord_V_ID,13,Y,N,,32,,,,,ID,
181,Purchase Order,FA57D75B1BBB4583B4A777008A29BF54,Payment Plan,1,35,,,,,,,FIN_Payment_Sched_Ord_V,FIN_PaymentSchedOrdV,,org.openbravo.model.financialmgmt.payment,5BB694E685DF45579F60757A1A1DD35B,Active,Y,N,N,N,,,,,Isactive,20,N,Y,,1,,,,,YesNo,
181,Purchase Order,6707D7449A8D45DB851F608BA88329C8,Payment Details,2,36,,,,,,,FIN_Payment_Detail_V,FIN_PaymentDetailV,,org.openbravo.model.financialmgmt.payment,C92A30F5BB0C47D29066008260A2818B,Payment Out,Y,Y,N,N,,,,10,FIN_Payment_ID,95E2A8B50A254B2AAE6774B8C2F28120,Y,Y,,32,,,,,OBUISEL_Selector Reference,
181,Purchase Order,6707D7449A8D45DB851F608BA88329C8,Payment Details,2,36,,,,,,,FIN_Payment_Detail_V,FIN_PaymentDetailV,,org.openbravo.model.financialmgmt.payment,FD46676E44ED4D129AEE94D54D92814F,Payment Date,Y,Y,N,N,,,,20,Paymentdate,15,N,Y,,19,,,,,Date,
181,Purchase Order,6707D7449A8D45DB851F608BA88329C8,Payment Details,2,36,,,,,,,FIN_Payment_Detail_V,FIN_PaymentDetailV,,org.openbravo.model.financialmgmt.payment,6AF3F8F4C66648929165E04D53A99CA9,Due Date,Y,Y,N,N,,,,30,Duedate,15,N,Y,,19,,,,,Date,
181,Purchase Order,6707D7449A8D45DB851F608BA88329C8,Payment Details,2,36,,,,,,,FIN_Payment_Detail_V,FIN_PaymentDetailV,,org.openbravo.model.financialmgmt.payment,A41471E03DCC4B2081D047EAD9BBB0B6,Payment Method,Y,Y,N,N,,,,40,Fin_Paymentmethod_ID,30,N,Y,,32,,,,,Search,
181,Purchase Order,6707D7449A8D45DB851F608BA88329C8,Payment Details,2,36,,,,,,,FIN_Payment_Detail_V,FIN_PaymentDetailV,,org.openbravo.model.financialmgmt.payment,07EC2EF3577B4AAC84EBABCC8DA7C292,Financial Account,Y,Y,N,N,,,,50,Fin_Financial_Account_ID,30,N,Y,,32,,,,,Search,
181,Purchase Order,6707D7449A8D45DB851F608BA88329C8,Payment Details,2,36,,,,,,,FIN_Payment_Detail_V,FIN_PaymentDetailV,,org.openbravo.model.financialmgmt.payment,D12033B7934A4E1CAE83BCF8AC3D8BAC,Expected Amount,Y,Y,N,N,,,,60,Expected,12,N,Y,,12,,,,,Amount,
181,Purchase Order,6707D7449A8D45DB851F608BA88329C8,Payment Details,2,36,,,,,,,FIN_Payment_Detail_V,FIN_PaymentDetailV,,org.openbravo.model.financialmgmt.payment,B4F0216426D344DFA60D793E6AB6AB0B,Paid Amount,Y,Y,N,N,,,,70,Paidamt,12,Y,Y,,12,,,,,Amount,
181,Purchase Order,6707D7449A8D45DB851F608BA88329C8,Payment Details,2,36,,,,,,,FIN_Payment_Detail_V,FIN_PaymentDetailV,,org.openbravo.model.financialmgmt.payment,49F7FA0508A441E9ABBF5F1C8208E10D,Currency,Y,N,N,N,,,,80,C_Currency_ID,30,N,Y,,32,,,,,Search,
181,Purchase Order,6707D7449A8D45DB851F608BA88329C8,Payment Details,2,36,,,,,,,FIN_Payment_Detail_V,FIN_PaymentDetailV,,org.openbravo.model.financialmgmt.payment,91FB8879BCD348639C394391C064B4CC,Write-off Amount,Y,Y,N,N,,,,80,Writeoffamt,12,N,Y,,12,,,,,Amount,
181,Purchase Order,6707D7449A8D45DB851F608BA88329C8,Payment Details,2,36,,,,,,,FIN_Payment_Detail_V,FIN_PaymentDetailV,,org.openbravo.model.financialmgmt.payment,40289C1D2E1298CF012E12E79661009B,Expected (Account Currency),Y,Y,N,N,@C_Currency_ID@!@FinAcc_Currency_ID@,,,140,ExpectedConverted,12,N,Y,,12,,,,,Amount,
181,Purchase Order,6707D7449A8D45DB851F608BA88329C8,Payment Details,2,36,,,,,,,FIN_Payment_Detail_V,FIN_PaymentDetailV,,org.openbravo.model.financialmgmt.payment,40289C1D2E1298CF012E12E7F5BC00A1,Paid (Account Currency),Y,Y,N,N,@C_Currency_ID@!@FinAcc_Currency_ID@,,,150,PaidConverted,12,N,Y,,12,,,,,Amount,
181,Purchase Order,6707D7449A8D45DB851F608BA88329C8,Payment Details,2,36,,,,,,,FIN_Payment_Detail_V,FIN_PaymentDetailV,,org.openbravo.model.financialmgmt.payment,40289C1D2E1298CF012E12EA901C00B6,Exchange Rate,Y,Y,N,N,@C_Currency_ID@!@FinAcc_Currency_ID@,,,160,Finacc_Txn_Convert_Rate,800019,N,Y,,12,,,,,General Quantity,
181,Purchase Order,6707D7449A8D45DB851F608BA88329C8,Payment Details,2,36,,,,,,,FIN_Payment_Detail_V,FIN_PaymentDetailV,,org.openbravo.model.financialmgmt.payment,D0629CC136214B9CA283EFF68CFE1803,Payment No.,Y,N,N,N,,,,170,Paymentno,10,Y,Y,,30,,,,,String,
181,Purchase Order,6707D7449A8D45DB851F608BA88329C8,Payment Details,2,36,,,,,,,FIN_Payment_Detail_V,FIN_PaymentDetailV,,org.openbravo.model.financialmgmt.payment,40289C1D2E1298CF012E12E943F000AD,Finacc_Currency_ID,Y,N,N,N,,,,180,Finacc_Currency_ID,18,N,Y,,32,,,,,Table,
181,Purchase Order,6707D7449A8D45DB851F608BA88329C8,Payment Details,2,36,,,,,,,FIN_Payment_Detail_V,FIN_PaymentDetailV,,org.openbravo.model.financialmgmt.payment,FF80818130D0918F0130D0BE2C1600D2,Canceled,Y,Y,Y,N,,,,190,Iscanceled,20,N,Y,,1,,,,,YesNo,
181,Purchase Order,6707D7449A8D45DB851F608BA88329C8,Payment Details,2,36,,,,,,,FIN_Payment_Detail_V,FIN_PaymentDetailV,,org.openbravo.model.financialmgmt.payment,C1DE5081483C5DA7E040007F01000CB2,Status,Y,Y,N,N,,,,220,Status,17,Y,N,,60,,,,,List,
181,Purchase Order,6707D7449A8D45DB851F608BA88329C8,Payment Details,2,36,,,,,,,FIN_Payment_Detail_V,FIN_PaymentDetailV,,org.openbravo.model.financialmgmt.payment,,C_Activity_ID,Y,N,Y,N,,,,99999,C_Activity_ID,19,N,Y,,32,,,,,TableDir,
181,Purchase Order,6707D7449A8D45DB851F608BA88329C8,Payment Details,2,36,,,,,,,FIN_Payment_Detail_V,FIN_PaymentDetailV,,org.openbravo.model.financialmgmt.payment,,C_Bpartner_Id_Dim,Y,N,Y,N,,,,99999,C_Bpartner_Id_Dim,95E2A8B50A254B2AAE6774B8C2F28120,N,Y,,32,,,,,OBUISEL_Selector Reference,
181,Purchase Order,6707D7449A8D45DB851F608BA88329C8,Payment Details,2,36,,,,,,,FIN_Payment_Detail_V,FIN_PaymentDetailV,,org.openbravo.model.financialmgmt.payment,,C_Campaign_ID,Y,N,Y,N,,,,99999,C_Campaign_ID,19,N,Y,,32,,,,,TableDir,
181,Purchase Order,6707D7449A8D45DB851F608BA88329C8,Payment Details,2,36,,,,,,,FIN_Payment_Detail_V,FIN_PaymentDetailV,,org.openbravo.model.financialmgmt.payment,,C_Project_ID,Y,N,Y,N,,,,99999,C_Project_ID,19,N,Y,,32,,,,,TableDir,
181,Purchase Order,6707D7449A8D45DB851F608BA88329C8,Payment Details,2,36,,,,,,,FIN_Payment_Detail_V,FIN_PaymentDetailV,,org.openbravo.model.financialmgmt.payment,,Created,Y,N,Y,N,,,,99999,Created,16,Y,N,,19,,,,,DateTime,
181,Purchase Order,6707D7449A8D45DB851F608BA88329C8,Payment Details,2,36,,,,,,,FIN_Payment_Detail_V,FIN_PaymentDetailV,,org.openbravo.model.financialmgmt.payment,,Createdby,Y,N,Y,N,,,,99999,Createdby,30,Y,N,,32,,,,,Search,
181,Purchase Order,6707D7449A8D45DB851F608BA88329C8,Payment Details,2,36,,,,,,,FIN_Payment_Detail_V,FIN_PaymentDetailV,,org.openbravo.model.financialmgmt.payment,,C_Salesregion_ID,Y,N,Y,N,,,,99999,C_Salesregion_ID,19,N,Y,,32,,,,,TableDir,
181,Purchase Order,6707D7449A8D45DB851F608BA88329C8,Payment Details,2,36,,,,,,,FIN_Payment_Detail_V,FIN_PaymentDetailV,,org.openbravo.model.financialmgmt.payment,,EM_APRM_Displayed_Acc_ID,Y,N,Y,N,,,,99999,EM_APRM_Displayed_Acc_ID,95E2A8B50A254B2AAE6774B8C2F28120,N,Y,,32,,,,,OBUISEL_Selector Reference,
181,Purchase Order,6707D7449A8D45DB851F608BA88329C8,Payment Details,2,36,,,,,,,FIN_Payment_Detail_V,FIN_PaymentDetailV,,org.openbravo.model.financialmgmt.payment,,EM_APRM_Displayed_Paymmeth_ID,Y,N,Y,N,,,,99999,EM_APRM_Displayed_Paymmeth_ID,95E2A8B50A254B2AAE6774B8C2F28120,N,Y,,32,,,,,OBUISEL_Selector Reference,
181,Purchase Order,6707D7449A8D45DB851F608BA88329C8,Payment Details,2,36,,,,,,,FIN_Payment_Detail_V,FIN_PaymentDetailV,,org.openbravo.model.financialmgmt.payment,,FIN_Payment_Sched_Inv_ID,Y,N,Y,N,,,,99999,FIN_Payment_Sched_Inv_ID,95E2A8B50A254B2AAE6774B8C2F28120,N,N,,32,,,,,OBUISEL_Selector Reference,
181,Purchase Order,6707D7449A8D45DB851F608BA88329C8,Payment Details,2,36,,,,,,,FIN_Payment_Detail_V,FIN_PaymentDetailV,,org.openbravo.model.financialmgmt.payment,,FIN_Payment_Sched_Ord_ID,Y,N,Y,N,,,,99999,FIN_Payment_Sched_Ord_ID,95E2A8B50A254B2AAE6774B8C2F28120,N,N,,32,,,,,OBUISEL_Selector Reference,
181,Purchase Order,6707D7449A8D45DB851F608BA88329C8,Payment Details,2,36,,,,,,,FIN_Payment_Detail_V,FIN_PaymentDetailV,,org.openbravo.model.financialmgmt.payment,,Glitemname,Y,N,Y,N,,,,99999,Glitemname,10,N,Y,,60,,,,,String,
181,Purchase Order,6707D7449A8D45DB851F608BA88329C8,Payment Details,2,36,,,,,,,FIN_Payment_Detail_V,FIN_PaymentDetailV,,org.openbravo.model.financialmgmt.payment,,M_Product_ID,Y,N,Y,N,,,,99999,M_Product_ID,30,N,Y,,32,,,,,Search,
181,Purchase Order,6707D7449A8D45DB851F608BA88329C8,Payment Details,2,36,,,,,,,FIN_Payment_Detail_V,FIN_PaymentDetailV,,org.openbravo.model.financialmgmt.payment,,Updated,Y,N,Y,N,,,,99999,Updated,16,Y,N,,19,,,,,DateTime,
181,Purchase Order,6707D7449A8D45DB851F608BA88329C8,Payment Details,2,36,,,,,,,FIN_Payment_Detail_V,FIN_PaymentDetailV,,org.openbravo.model.financialmgmt.payment,,Updatedby,Y,N,Y,N,,,,99999,Updatedby,30,Y,N,,32,,,,,Search,
181,Purchase Order,6707D7449A8D45DB851F608BA88329C8,Payment Details,2,36,,,,,,,FIN_Payment_Detail_V,FIN_PaymentDetailV,,org.openbravo.model.financialmgmt.payment,97AE3B1796EF42698B230018EE795750,Client,Y,N,N,N,,,,,AD_Client_ID,30,Y,N,@AD_CLIENT_ID@,32,,,129,,Search,
181,Purchase Order,6707D7449A8D45DB851F608BA88329C8,Payment Details,2,36,,,,,,,FIN_Payment_Detail_V,FIN_PaymentDetailV,,org.openbravo.model.financialmgmt.payment,33DDD5700BEC4555B97870401877B31F,Organization,Y,N,N,N,,,,,AD_Org_ID,30,Y,N,@AD_ORG_ID@,32,,,130,,Search,
181,Purchase Order,6707D7449A8D45DB851F608BA88329C8,Payment Details,2,36,,,,,,,FIN_Payment_Detail_V,FIN_PaymentDetailV,,org.openbravo.model.financialmgmt.payment,81D70676C48A4523BA3246AFBE93866C,Business Partner,Y,N,N,N,,,,,C_Bpartner_ID,30,Y,Y,,32,,,,,Search,
181,Purchase Order,6707D7449A8D45DB851F608BA88329C8,Payment Details,2,36,,,,,,,FIN_Payment_Detail_V,FIN_PaymentDetailV,,org.openbravo.model.financialmgmt.payment,3E9C6405F0D641308A4377E3198600FE,Payment Detail,Y,N,N,N,,,,,Fin_Payment_Detail_V_ID,13,Y,N,,32,,,,,ID,
181,Purchase Order,6707D7449A8D45DB851F608BA88329C8,Payment Details,2,36,,,,,,,FIN_Payment_Detail_V,FIN_PaymentDetailV,,org.openbravo.model.financialmgmt.payment,B4BC626AFBAE4F17AA54997C2796B534,Order Payment Out Plan,Y,N,N,N,,,,,Fin_Payment_Sched_Ord_V_Id,30,N,Y,,32,,,,,Search,
181,Purchase Order,6707D7449A8D45DB851F608BA88329C8,Payment Details,2,36,,,,,,,FIN_Payment_Detail_V,FIN_PaymentDetailV,,org.openbravo.model.financialmgmt.payment,39255F909E0649F0B77AC0DF1886B809,Invoice Amount,Y,N,N,N,,,,,Invoicedamt,12,N,Y,,12,,,,,Amount,
181,Purchase Order,6707D7449A8D45DB851F608BA88329C8,Payment Details,2,36,,,,,,,FIN_Payment_Detail_V,FIN_PaymentDetailV,,org.openbravo.model.financialmgmt.payment,92691E590E904809BC0A1A7F9004F89D,Invoice No.,Y,N,N,N,,,,,Invoiceno,10,N,Y,,30,,,,,String,
181,Purchase Order,6707D7449A8D45DB851F608BA88329C8,Payment Details,2,36,,,,,,,FIN_Payment_Detail_V,FIN_PaymentDetailV,,org.openbravo.model.financialmgmt.payment,D32E6941E27F4157B73615ED24984661,Active,Y,N,N,N,,,,,Isactive,20,N,Y,,1,,,,,YesNo,
181,Purchase Order,6707D7449A8D45DB851F608BA88329C8,Payment Details,2,36,,,,,,,FIN_Payment_Detail_V,FIN_PaymentDetailV,,org.openbravo.model.financialmgmt.payment,331964ADAD6F4182BCB88287F89DBFE5,Order No.,Y,N,N,N,,,,,Orderno,10,N,Y,,30,,,,,String,
