ad_window_id,window_name,ad_tab_id,tab_name,tablevel,tab_seq,whereclause,orderbyclause,filterclause,hqlwhereclause,hqlorderbyclause,hqlfilterclause,tablename,entity_classname,entity_alias,entity_javapackage,ad_field_id,field_name,isdisplayed,isreadonly,displaylogic,displaylogic_server,displaylogicgrid,field_seq,columnname,ad_reference_id,ismandatory,isupdateable,defaultvalue,fieldlength,valuemin,valuemax,ad_val_rule_id,readonlylogic,reference_name,callout_class
181,Purchase Order,294,Header,0,10,C_Order.IsSOTrx='N',,,e.salesTransaction=false AND e.transactionDocument.return=false,,,C_Order,Order,,org.openbravo.model.common.order,3453,Organization,Y,N,@ACCT_DIMENSION_DISPLAY@,,,10,AD_Org_ID,19,Y,N,@#AD_Org_ID@,22,,,49DC1D6F086945AB82F84C66F5F13F16,@Processed@='Y',TableDir,org.openbravo.erpCommon.ad_callouts.SE_Order_Organization
181,Purchase Order,294,Header,0,10,C_Order.IsSOTrx='N',,,e.salesTransaction=false AND e.transactionDocument.return=false,,,C_Order,Order,,org.openbravo.model.common.order,3428,Transaction Document,Y,N,,,,20,C_DocTypeTarget_ID,18,Y,Y,,22,,,133,@Processed@='Y' | @DocStatus@='TMP',Table,org.openbravo.erpCommon.ad_callouts.SL_Order_DocType
181,Purchase Order,294,Header,0,10,C_Order.IsSOTrx='N',,,e.salesTransaction=false AND e.transactionDocument.return=false,,,C_Order,Order,,org.openbravo.model.common.order,3424,Document No.,Y,N,,,,30,DocumentNo,10,Y,Y,,30,,,,@Processed@='Y' | @DocStatus@='TMP',String,
181,Purchase Order,294,Header,0,10,C_Order.IsSOTrx='N',,,e.salesTransaction=false AND e.transactionDocument.return=false,,,C_Order,Order,,org.openbravo.model.common.order,3435,Order Date,Y,N,,,,40,DateOrdered,15,Y,Y,@#Date@,10,,,,@Processed@='Y',Date,org.openbravo.erpCommon.ad_callouts.SL_Order_UpdateLinesDate
181,Purchase Order,294,Header,0,10,C_Order.IsSOTrx='N',,,e.salesTransaction=false AND e.transactionDocument.return=false,,,C_Order,Order,,org.openbravo.model.common.order,3419,Business Partner,Y,N,@ACCT_DIMENSION_DISPLAY@,,,50,C_BPartner_ID,30,Y,Y,,60,,,,@Processed@='Y' | @DocStatus@='TMP',Search,org.openbravo.erpCommon.ad_callouts.SE_Order_BPartner
181,Purchase Order,294,Header,0,10,C_Order.IsSOTrx='N',,,e.salesTransaction=false AND e.transactionDocument.return=false,,,C_Order,Order,,org.openbravo.model.common.order,3458,Partner Address,Y,N,,,,60,C_BPartner_Location_ID,19,Y,Y,,22,,,167,@Processed@='Y' | @DocStatus@='TMP',TableDir,org.openbravo.erpCommon.ad_callouts.SE_Order_BPartnerLocation
181,Purchase Order,294,Header,0,10,C_Order.IsSOTrx='N',,,e.salesTransaction=false AND e.transactionDocument.return=false,,,C_Order,Order,,org.openbravo.model.common.order,3451,Warehouse,Y,N,,,,70,M_Warehouse_ID,95E2A8B50A254B2AAE6774B8C2F28120,Y,Y,,22,,,,@Processed@='Y',OBUISEL_Selector Reference,
181,Purchase Order,294,Header,0,10,C_Order.IsSOTrx='N',,,e.salesTransaction=false AND e.transactionDocument.return=false,,,C_Order,Order,,org.openbravo.model.common.order,3436,Scheduled Delivery Date,Y,N,,,,80,DatePromised,15,Y,Y,@#Date@,10,,,,@Processed@='Y',Date,org.openbravo.erpCommon.ad_callouts.SL_Order_UpdateLinesDate
181,Purchase Order,294,Header,0,10,C_Order.IsSOTrx='N',,,e.salesTransaction=false AND e.transactionDocument.return=false,,,C_Order,Order,,org.openbravo.model.common.order,830698140BB84AC3E040007F01000289,Payment Method,Y,N,,,,90,FIN_Paymentmethod_ID,19,N,Y,,32,,,FF80808130B107670130B1115F22000D,@Processed@='Y',TableDir,
181,Purchase Order,294,Header,0,10,C_Order.IsSOTrx='N',,,e.salesTransaction=false AND e.transactionDocument.return=false,,,C_Order,Order,,org.openbravo.model.common.order,3439,Payment Terms,Y,N,,,,100,C_PaymentTerm_ID,19,Y,Y,,22,,,,@Processed@='Y',TableDir,
181,Purchase Order,294,Header,0,10,C_Order.IsSOTrx='N',,,e.salesTransaction=false AND e.transactionDocument.return=false,,,C_Order,Order,,org.openbravo.model.common.order,3420,Price List,Y,N,,,,110,M_PriceList_ID,19,Y,Y,,22,,,DB85A30739C3487988921CE3FFFD3BAD,@Processed@='Y' | @DocStatus@='TMP',TableDir,org.openbravo.erpCommon.ad_callouts.SL_Order_PriceList
181,Purchase Order,294,Header,0,10,C_Order.IsSOTrx='N',,,e.salesTransaction=false AND e.transactionDocument.return=false,,,C_Order,Order,,org.openbravo.model.common.order,3425,Document Status,N,Y,,,,150,DocStatus,17,Y,N,DR,60,,,,,List,
181,Purchase Order,294,Header,0,10,C_Order.IsSOTrx='N',,,e.salesTransaction=false AND e.transactionDocument.return=false,,,C_Order,Order,,org.openbravo.model.common.order,3450,Total Gross Amount,N,Y,,,,160,GrandTotal,12,Y,N,,22,,,,,Amount,
181,Purchase Order,294,Header,0,10,C_Order.IsSOTrx='N',,,e.salesTransaction=false AND e.transactionDocument.return=false,,,C_Order,Order,,org.openbravo.model.common.order,3449,Total Net Amount,N,Y,,,,190,TotalLines,12,Y,N,,22,,,,,Amount,
181,Purchase Order,294,Header,0,10,C_Order.IsSOTrx='N',,,e.salesTransaction=false AND e.transactionDocument.return=false,,,C_Order,Order,,org.openbravo.model.common.order,3441,Currency,N,Y,,,,210,C_Currency_ID,19,Y,N,@C_Currency_ID@,22,,,,,TableDir,
181,Purchase Order,294,Header,0,10,C_Order.IsSOTrx='N',,,e.salesTransaction=false AND e.transactionDocument.return=false,,,C_Order,Order,,org.openbravo.model.common.order,3452,User/Contact,N,N,,,,300,AD_User_ID,19,N,Y,,22,,,123,@Processed@='Y',TableDir,
181,Purchase Order,294,Header,0,10,C_Order.IsSOTrx='N',,,e.salesTransaction=false AND e.transactionDocument.return=false,,,C_Order,Order,,org.openbravo.model.common.order,800149,Delivery notes,Y,N,,,,328,Deliverynotes,14,N,Y,,2000,,,,,Text,
181,Purchase Order,294,Header,0,10,C_Order.IsSOTrx='N',,,e.salesTransaction=false AND e.transactionDocument.return=false,,,C_Order,Order,,org.openbravo.model.common.order,3429,Description,Y,N,,,,342,Description,14,N,Y,,255,,,,,Text,
181,Purchase Order,294,Header,0,10,C_Order.IsSOTrx='N',,,e.salesTransaction=false AND e.transactionDocument.return=false,,,C_Order,Order,,org.openbravo.model.common.order,3455,Order Reference,Y,N,,,,356,POReference,10,N,Y,,20,,,,,String,
181,Purchase Order,294,Header,0,10,C_Order.IsSOTrx='N',,,e.salesTransaction=false AND e.transactionDocument.return=false,,,C_Order,Order,,org.openbravo.model.common.order,3438,Company Agent,N,N,,,,370,SalesRep_ID,18,N,Y,,22,,,6F75AF1B05464DD894033D50AEC67310,,Table,
181,Purchase Order,294,Header,0,10,C_Order.IsSOTrx='N',,,e.salesTransaction=false AND e.transactionDocument.return=false,,,C_Order,Order,,org.openbravo.model.common.order,3440,Invoice From,Y,N,,,,384,BillTo_ID,18,Y,Y,,22,,,119,@Processed@='Y' | @DocStatus@='TMP',Table,
181,Purchase Order,294,Header,0,10,C_Order.IsSOTrx='N',,,e.salesTransaction=false AND e.transactionDocument.return=false,,,C_Order,Order,,org.openbravo.model.common.order,800150,Incoterms,N,N,,,,400,C_Incoterms_ID,19,N,Y,,12,,,,,TableDir,
181,Purchase Order,294,Header,0,10,C_Order.IsSOTrx='N',,,e.salesTransaction=false AND e.transactionDocument.return=false,,,C_Order,Order,,org.openbravo.model.common.order,800151,INCOTERMS description,N,N,,,,401,Incotermsdescription,14,N,Y,,255,,,,,Text,
181,Purchase Order,294,Header,0,10,C_Order.IsSOTrx='N',,,e.salesTransaction=false AND e.transactionDocument.return=false,,,C_Order,Order,,org.openbravo.model.common.order,3467,Print Discount,N,N,,,,402,IsDiscountPrinted,20,Y,Y,,1,,,,,YesNo,
181,Purchase Order,294,Header,0,10,C_Order.IsSOTrx='N',,,e.salesTransaction=false AND e.transactionDocument.return=false,,,C_Order,Order,,org.openbravo.model.common.order,3427,Document Type,N,Y,,,,403,C_DocType_ID,19,Y,N,0,22,,,,,TableDir,
181,Purchase Order,294,Header,0,10,C_Order.IsSOTrx='N',,,e.salesTransaction=false AND e.transactionDocument.return=false,,,C_Order,Order,,org.openbravo.model.common.order,3443,Freight Amount,N,N,,,,404,FreightAmt,12,Y,Y,,22,,,,,Amount,
181,Purchase Order,294,Header,0,10,C_Order.IsSOTrx='N',,,e.salesTransaction=false AND e.transactionDocument.return=false,,,C_Order,Order,,org.openbravo.model.common.order,3444,Delivery Method,N,N,,,,405,DeliveryViaRule,17,Y,Y,P,60,,,,@Processed@='Y',List,
181,Purchase Order,294,Header,0,10,C_Order.IsSOTrx='N',,,e.salesTransaction=false AND e.transactionDocument.return=false,,,C_Order,Order,,org.openbravo.model.common.order,3446,Sales Campaign,N,N,@$Element_MC@='Y',,,406,C_Campaign_ID,19,N,Y,,22,,,,@Posted@='Y',TableDir,
181,Purchase Order,294,Header,0,10,C_Order.IsSOTrx='N',,,e.salesTransaction=false AND e.transactionDocument.return=false,,,C_Order,Order,,org.openbravo.model.common.order,3447,Shipping Company,N,N,,,,407,M_Shipper_ID,19,N,Y,,22,,,,,TableDir,
181,Purchase Order,294,Header,0,10,C_Order.IsSOTrx='N',,,e.salesTransaction=false AND e.transactionDocument.return=false,,,C_Order,Order,,org.openbravo.model.common.order,3448,Priority,N,N,,,,408,PriorityRule,17,Y,Y,5,60,,,,@Processed@='Y',List,
181,Purchase Order,294,Header,0,10,C_Order.IsSOTrx='N',,,e.salesTransaction=false AND e.transactionDocument.return=false,,,C_Order,Order,,org.openbravo.model.common.order,3454,Charge Amount,N,N,,,,409,ChargeAmt,12,N,Y,0,22,,,,@Processed@='Y',Amount,
181,Purchase Order,294,Header,0,10,C_Order.IsSOTrx='N',,,e.salesTransaction=false AND e.transactionDocument.return=false,,,C_Order,Order,,org.openbravo.model.common.order,3456,Charge,N,N,,,,410,C_Charge_ID,18,N,Y,,22,,,,@Processed@='Y',Table,org.openbravo.erpCommon.ad_callouts.SL_Charge
181,Purchase Order,294,Header,0,10,C_Order.IsSOTrx='N',,,e.salesTransaction=false AND e.transactionDocument.return=false,,,C_Order,Order,,org.openbravo.model.common.order,3457,Activity,N,N,@$Element_AY@='Y',,,411,C_Activity_ID,19,N,Y,,22,,,,@Posted@='Y',TableDir,
181,Purchase Order,294,Header,0,10,C_Order.IsSOTrx='N',,,e.salesTransaction=false AND e.transactionDocument.return=false,,,C_Order,Order,,org.openbravo.model.common.order,3464,Freight Cost Rule,N,N,,,,412,FreightCostRule,17,Y,Y,I,60,,,,,List,
181,Purchase Order,294,Header,0,10,C_Order.IsSOTrx='N',,,e.salesTransaction=false AND e.transactionDocument.return=false,,,C_Order,Order,,org.openbravo.model.common.order,7039,Trx Organization,N,N,@$Element_OT@='Y',,,413,AD_OrgTrx_ID,18,N,Y,,22,,,,@Processed@='Y',Table,
181,Purchase Order,294,Header,0,10,C_Order.IsSOTrx='N',,,e.salesTransaction=false AND e.transactionDocument.return=false,,,C_Order,Order,,org.openbravo.model.common.order,F4A594CF81DA4C0DB3A81BBFF0305C12,Add Payment,Y,N,@Processed@='Y' & (@showAddPayment@='Y' | @showAddPayment@ ='') & (@APRM_OrderIsPaid@='N' | @APRM_OrderIsPaid@ ='') & @GrandTotal@!0,,,415,EM_APRM_AddPayment,28,N,Y,,1,,,,,Button,
181,Purchase Order,294,Header,0,10,C_Order.IsSOTrx='N',,,e.salesTransaction=false AND e.transactionDocument.return=false,,,C_Order,Order,,org.openbravo.model.common.order,3426,Process Order,Y,N,@DocStatus@!'CL'&@DocStatus@!'VO',,,420,DocAction,28,Y,Y,CO,60,,,,,Button,
181,Purchase Order,294,Header,0,10,C_Order.IsSOTrx='N',,,e.salesTransaction=false AND e.transactionDocument.return=false,,,C_Order,Order,,org.openbravo.model.common.order,6506,Copy Lines,Y,N,@processed@='N',,,430,CopyFrom,28,N,Y,,1,,,,,Button,
181,Purchase Order,294,Header,0,10,C_Order.IsSOTrx='N',,,e.salesTransaction=false AND e.transactionDocument.return=false,,,C_Order,Order,,org.openbravo.model.common.order,804197,Copy from Orders,Y,N,@processed@='N',,,440,CopyFromPO,28,N,Y,,1,,,,,Button,
181,Purchase Order,294,Header,0,10,C_Order.IsSOTrx='N',,,e.salesTransaction=false AND e.transactionDocument.return=false,,,C_Order,Order,,org.openbravo.model.common.order,3672,Price includes Tax,Y,N,,,,450,IsTaxIncluded,20,N,Y,,1,,,,,YesNo,
181,Purchase Order,294,Header,0,10,C_Order.IsSOTrx='N',,,e.salesTransaction=false AND e.transactionDocument.return=false,,,C_Order,Order,,org.openbravo.model.common.order,3459,Project,Y,N,@ACCT_DIMENSION_DISPLAY@,,,2000,C_Project_ID,30,N,Y,,60,,,800001,@Posted@='Y',Search,org.openbravo.erpCommon.ad_callouts.SE_Order_Project
181,Purchase Order,294,Header,0,10,C_Order.IsSOTrx='N',,,e.salesTransaction=false AND e.transactionDocument.return=false,,,C_Order,Order,,org.openbravo.model.common.order,9A942A3B09504E31B99B6C63EFA5C79F,Cost Center,Y,N,@ACCT_DIMENSION_DISPLAY@,,,2010,C_Costcenter_ID,95E2A8B50A254B2AAE6774B8C2F28120,N,Y,,32,,,,@Posted@='Y',OBUISEL_Selector Reference,
181,Purchase Order,294,Header,0,10,C_Order.IsSOTrx='N',,,e.salesTransaction=false AND e.transactionDocument.return=false,,,C_Order,Order,,org.openbravo.model.common.order,E08156CC24584AE2ACB92844E1C67267,Asset,Y,N,@$Element_AS@='Y',,,2020,A_Asset_ID,95E2A8B50A254B2AAE6774B8C2F28120,N,Y,,32,,,,@Posted@='Y',OBUISEL_Selector Reference,
181,Purchase Order,294,Header,0,10,C_Order.IsSOTrx='N',,,e.salesTransaction=false AND e.transactionDocument.return=false,,,C_Order,Order,,org.openbravo.model.common.order,7824,1st Dimension,Y,N,@ACCT_DIMENSION_DISPLAY@,,,2030,User1_ID,95E2A8B50A254B2AAE6774B8C2F28120,N,Y,,32,,,,@Posted@='Y',OBUISEL_Selector Reference,
181,Purchase Order,294,Header,0,10,C_Order.IsSOTrx='N',,,e.salesTransaction=false AND e.transactionDocument.return=false,,,C_Order,Order,,org.openbravo.model.common.order,7823,2nd Dimension,Y,N,@ACCT_DIMENSION_DISPLAY@,,,2040,User2_ID,95E2A8B50A254B2AAE6774B8C2F28120,N,Y,,32,,,,@Posted@='Y',OBUISEL_Selector Reference,
181,Purchase Order,294,Header,0,10,C_Order.IsSOTrx='N',,,e.salesTransaction=false AND e.transactionDocument.return=false,,,C_Order,Order,,org.openbravo.model.common.order,E07502C4A5285ECCE040007F0100280F,Create Lines,Y,N,@processed@='N',,,2060,Create_POLines,28,N,Y,N,1,,,,,Button,
181,Purchase Order,294,Header,0,10,C_Order.IsSOTrx='N',,,e.salesTransaction=false AND e.transactionDocument.return=false,,,C_Order,Order,,org.openbravo.model.common.order,E813CF15CCB645899EA64578F7CA8BF3,Delivery Status,N,N,,,,2070,DeliveryStatusPurchase,11,N,N,,4,,,,,Integer,
181,Purchase Order,294,Header,0,10,C_Order.IsSOTrx='N',,,e.salesTransaction=false AND e.transactionDocument.return=false,,,C_Order,Order,,org.openbravo.model.common.order,63B8B9950427430A8C30D5DA885E8A9A,Invoice Status,N,N,,,,2080,InvoiceStatus,11,N,Y,,4,,,,,Integer,
181,Purchase Order,294,Header,0,10,C_Order.IsSOTrx='N',,,e.salesTransaction=false AND e.transactionDocument.return=false,,,C_Order,Order,,org.openbravo.model.common.order,3423,Active,N,N,,,,,IsActive,20,Y,Y,,1,,,,,YesNo,
181,Purchase Order,294,Header,0,10,C_Order.IsSOTrx='N',,,e.salesTransaction=false AND e.transactionDocument.return=false,,,C_Order,Order,,org.openbravo.model.common.order,3466,Form of Payment,N,N,@FinancialManagement@='',,,,PaymentRule,17,Y,Y,B,60,,,,@Processed@='Y',List,
181,Purchase Order,294,Header,0,10,C_Order.IsSOTrx='N',,,e.salesTransaction=false AND e.transactionDocument.return=false,,,C_Order,Order,,org.openbravo.model.common.order,802710,Delivery Location,N,N,,,,,Delivery_Location_ID,18,N,Y,,22,,,167,,Table,
181,Purchase Order,294,Header,0,10,C_Order.IsSOTrx='N',,,e.salesTransaction=false AND e.transactionDocument.return=false,,,C_Order,Order,,org.openbravo.model.common.order,3465,Sales Transaction,N,N,,,,,IsSOTrx,20,Y,Y,@IsSOTrx@,1,,,,,YesNo,
181,Purchase Order,294,Header,0,10,C_Order.IsSOTrx='N',,,e.salesTransaction=false AND e.transactionDocument.return=false,,,C_Order,Order,,org.openbravo.model.common.order,3463,Delivery Terms,N,N,,,,,DeliveryRule,17,Y,Y,A,60,,,,@Processed@='Y',List,
181,Purchase Order,294,Header,0,10,C_Order.IsSOTrx='N',,,e.salesTransaction=false AND e.transactionDocument.return=false,,,C_Order,Order,,org.openbravo.model.common.order,3462,Date printed,N,N,,,,,DatePrinted,15,N,Y,,10,,,,,Date,
181,Purchase Order,294,Header,0,10,C_Order.IsSOTrx='N',,,e.salesTransaction=false AND e.transactionDocument.return=false,,,C_Order,Order,,org.openbravo.model.common.order,3460,Processed,N,N,,,,,Processed,20,Y,N,,1,,,,,YesNo,
181,Purchase Order,294,Header,0,10,C_Order.IsSOTrx='N',,,e.salesTransaction=false AND e.transactionDocument.return=false,,,C_Order,Order,,org.openbravo.model.common.order,6508,Self-Service,N,Y,,,,,IsSelfService,20,Y,Y,,1,,,,,YesNo,
181,Purchase Order,294,Header,0,10,C_Order.IsSOTrx='N',,,e.salesTransaction=false AND e.transactionDocument.return=false,,,C_Order,Order,,org.openbravo.model.common.order,6507,Drop Ship Location,N,N,,,,,DropShip_Location_ID,18,N,Y,,22,,,120,@Processed@='Y' | @DocStatus@='TMP',Table,
181,Purchase Order,294,Header,0,10,C_Order.IsSOTrx='N',,,e.salesTransaction=false AND e.transactionDocument.return=false,,,C_Order,Order,,org.openbravo.model.common.order,6505,Drop Ship Partner,N,N,,,,,DropShip_BPartner_ID,95E2A8B50A254B2AAE6774B8C2F28120,N,Y,,22,,,,@Processed@='Y',OBUISEL_Selector Reference,
181,Purchase Order,294,Header,0,10,C_Order.IsSOTrx='N',,,e.salesTransaction=false AND e.transactionDocument.return=false,,,C_Order,Order,,org.openbravo.model.common.order,6504,Drop Ship Contact,N,N,,,,,DropShip_User_ID,18,N,Y,,22,,,168,@Processed@='Y',Table,
181,Purchase Order,294,Header,0,10,C_Order.IsSOTrx='N',,,e.salesTransaction=false AND e.transactionDocument.return=false,,,C_Order,Order,,org.openbravo.model.common.order,3705,Selected,N,N,,,,,IsSelected,20,Y,Y,,1,,,,,YesNo,
181,Purchase Order,294,Header,0,10,C_Order.IsSOTrx='N',,,e.salesTransaction=false AND e.transactionDocument.return=false,,,C_Order,Order,,org.openbravo.model.common.order,3671,Posted,N,N,@Processed@='Y' & @#ShowAcct@='Y',,,,Posted,28,Y,Y,N,60,,,,,Button,
181,Purchase Order,294,Header,0,10,C_Order.IsSOTrx='N',,,e.salesTransaction=false AND e.transactionDocument.return=false,,,C_Order,Order,,org.openbravo.model.common.order,3442,Invoice Terms,N,N,,,,,InvoiceRule,17,Y,Y,D,60,,,1000200003,,List,
181,Purchase Order,294,Header,0,10,C_Order.IsSOTrx='N',,,e.salesTransaction=false AND e.transactionDocument.return=false,,,C_Order,Order,,org.openbravo.model.common.order,3445,Process Order,N,N,,,,,Processing,28,N,Y,,1,,,,,Button,
181,Purchase Order,294,Header,0,10,C_Order.IsSOTrx='N',,,e.salesTransaction=false AND e.transactionDocument.return=false,,,C_Order,Order,,org.openbravo.model.common.order,3421,Purchase Order,N,N,,,,,C_Order_ID,13,Y,N,,32,,,,,ID,
181,Purchase Order,294,Header,0,10,C_Order.IsSOTrx='N',,,e.salesTransaction=false AND e.transactionDocument.return=false,,,C_Order,Order,,org.openbravo.model.common.order,3422,Client,N,N,,,,,AD_Client_ID,19,Y,N,@AD_CLIENT_ID@,22,,,,@Processed@='Y',TableDir,
181,Purchase Order,294,Header,0,10,C_Order.IsSOTrx='N',,,e.salesTransaction=false AND e.transactionDocument.return=false,,,C_Order,Order,,org.openbravo.model.common.order,3437,Accounting Date,N,N,,,,,DateAcct,15,Y,Y,@#Date@,10,,,,@Posted@='Y',Date,
181,Purchase Order,294,Header,0,10,C_Order.IsSOTrx='N',,,e.salesTransaction=false AND e.transactionDocument.return=false,,,C_Order,Order,,org.openbravo.model.common.order,3432,Delivered,N,Y,,,,,IsDelivered,20,Y,N,,1,,,,,YesNo,
181,Purchase Order,294,Header,0,10,C_Order.IsSOTrx='N',,,e.salesTransaction=false AND e.transactionDocument.return=false,,,C_Order,Order,,org.openbravo.model.common.order,3433,Re-invoice,N,Y,,,,,IsInvoiced,20,Y,N,,1,,,,,YesNo,
181,Purchase Order,294,Header,0,10,C_Order.IsSOTrx='N',,,e.salesTransaction=false AND e.transactionDocument.return=false,,,C_Order,Order,,org.openbravo.model.common.order,3434,Print,N,Y,,,,,IsPrinted,20,Y,N,,1,,,,,YesNo,
181,Purchase Order,293,Lines,1,20,,,,,lineNo,,C_OrderLine,OrderLine,,org.openbravo.model.common.order,3403,Line No.,Y,N,,,,10,Line,11,Y,Y,"@SQL=SELECT COALESCE(MAX(Line),0)+10 AS DefaultValue FROM C_OrderLine WHERE C_Order_ID=@C_Order_ID@",10,,,,@Processed@='Y',Integer,
181,Purchase Order,293,Lines,1,20,,,,,lineNo,,C_OrderLine,OrderLine,,org.openbravo.model.common.order,3386,Product,Y,N,,,,20,M_Product_ID,30,Y,Y,,60,,,,@Processed@='Y',Search,org.openbravo.erpCommon.ad_callouts.SL_Order_Product
181,Purchase Order,293,Lines,1,20,,,,,lineNo,,C_OrderLine,OrderLine,,org.openbravo.model.common.order,3978FFA175BA4421802A4438BD3B67E3,Operative Quantity,Y,N,@M_Product_Uom_Id@='',@UomManagement@='Y',,22,Aumqty,29,N,Y,,2,,,,@Processed@='Y',Quantity,org.openbravo.erpCommon.ad_callouts.OperativeQuantity_To_BaseQuantity
181,Purchase Order,293,Lines,1,20,,,,,lineNo,,C_OrderLine,OrderLine,,org.openbravo.model.common.order,3C5BC4B02999437AA5FC422C1C73C552,Alternative UOM,Y,N,@M_Product_Uom_Id@='',@UomManagement@='Y',,25,C_Aum,18,N,Y,,32,,,5ABEE0829BD24BFB9BA454E607825821,@Processed@='Y',Table,org.openbravo.erpCommon.ad_callouts.OperativeQuantity_To_BaseQuantity
181,Purchase Order,293,Lines,1,20,,,,,lineNo,,C_OrderLine,OrderLine,,org.openbravo.model.common.order,3389,Ordered Quantity,Y,N,,,,30,QtyOrdered,29,Y,Y,1,10,,,,@Processed@='Y' | (@IsSOTrx@='Y' & @ISLINKEDTOPRODUCT@='Y' & @PRODUCTTYPE@='S') | @UomManagement@='Y',Quantity,org.openbravo.erpCommon.ad_callouts.SL_Order_Amt
181,Purchase Order,293,Lines,1,20,,,,,lineNo,,C_OrderLine,OrderLine,,org.openbravo.model.common.order,3387,UOM,Y,Y,,,,32,C_UOM_ID,19,Y,Y,,22,,,,@UomManagement@='Y',TableDir,
181,Purchase Order,293,Lines,1,20,,,,,lineNo,,C_OrderLine,OrderLine,,org.openbravo.model.common.order,6535,Attribute Set Value,Y,N,(@ATTRIBUTESET@!''&@ATTRSETVALUETYPE@!'F')|(@M_AttributeSetInstance_ID@!''&@M_AttributeSetInstance_ID@!'0'),,,40,M_AttributeSetInstance_ID,35,N,Y,,22,,,,@Processed@='Y' | @ATTRIBUTESETINSTANCIABLE@='Y',PAttribute,org.openbravo.erpCommon.ad_callouts.SL_Order_Amt
181,Purchase Order,293,Lines,1,20,,,,,lineNo,,C_OrderLine,OrderLine,,org.openbravo.model.common.order,3396,Net Unit Price,Y,N,,,,70,PriceActual,800008,Y,Y,,22,,,,@Processed@='Y' | @GROSSPRICE@='Y',Price,org.openbravo.erpCommon.ad_callouts.SL_Order_Amt
181,Purchase Order,293,Lines,1,20,,,,,lineNo,,C_OrderLine,OrderLine,,org.openbravo.model.common.order,B3F4F8BB5D964059BC0708F37D378A1D,Gross Unit Price,Y,N,@GROSSPRICE@='Y',,,75,Gross_Unit_Price,800008,N,Y,0,2,,,,@Processed@='Y' | @GROSSPRICE@='N',Price,org.openbravo.erpCommon.ad_callouts.SL_Order_Amt
181,Purchase Order,293,Lines,1,20,,,,,lineNo,,C_OrderLine,OrderLine,,org.openbravo.model.common.order,3416,Line Net Amount,Y,N,,,,80,LineNetAmt,12,Y,Y,,22,,,,@Iseditlinenetamt@='N'|@GROSSPRICE@='Y',Amount,org.openbravo.erpCommon.ad_callouts.SL_Order_Amt
181,Purchase Order,293,Lines,1,20,,,,,lineNo,,C_OrderLine,OrderLine,,org.openbravo.model.common.order,44023AE71D154D9DBE06532EDA193069,Line Gross Amount,Y,Y,@GROSSPRICE@='Y',,,85,Line_Gross_Amount,12,N,Y,0,2,,,,,Amount,
181,Purchase Order,293,Lines,1,20,,,,,lineNo,,C_OrderLine,OrderLine,,org.openbravo.model.common.order,3397,Tax,Y,N,,,,90,C_Tax_ID,18,Y,Y,,22,,,5BEA56148DC74215A63927481BDC0B63,@Processed@='Y',Table,org.openbravo.erpCommon.ad_callouts.SL_Order_Amt
181,Purchase Order,293,Lines,1,20,,,,,lineNo,,C_OrderLine,OrderLine,,org.openbravo.model.common.order,3395,Net List Price,Y,N,@GROSSPRICE@='N',,,100,PriceList,800008,Y,Y,,22,,,,@Processed@='Y',Price,org.openbravo.erpCommon.ad_callouts.SL_Order_Amt
181,Purchase Order,293,Lines,1,20,,,,,lineNo,,C_OrderLine,OrderLine,,org.openbravo.model.common.order,C4EEBC80311BE6EEE040007F0100171C,Gross List Price,Y,Y,@GROSSPRICE@='Y',,,105,GrossPriceList,22,N,Y,,12,,,,,Number,
181,Purchase Order,293,Lines,1,20,,,,,lineNo,,C_OrderLine,OrderLine,,org.openbravo.model.common.order,3383,Discount %,Y,N,,,,110,Discount,22,N,Y,0,22,,,,@Processed@='Y',Number,org.openbravo.erpCommon.ad_callouts.SL_Order_Amt
181,Purchase Order,293,Lines,1,20,,,,,lineNo,,C_OrderLine,OrderLine,,org.openbravo.model.common.order,3398,Description,Y,N,,,,120,Description,14,N,Y,,2000,,,,,Text,
181,Purchase Order,293,Lines,1,20,,,,,lineNo,,C_OrderLine,OrderLine,,org.openbravo.model.common.order,7E37B8136CC575EFE040007F0100360F,Alternate Taxable Amount,Y,N,@UsesAlternate@='Y',,,130,Taxbaseamt,12,N,Y,,12,,,,@Processed@='Y',Amount,
181,Purchase Order,293,Lines,1,20,,,,,lineNo,,C_OrderLine,OrderLine,,org.openbravo.model.common.order,61B11EA6D16C4948910D06E49A728085,Edit Line Net Amount,N,N,,,,180,Iseditlinenetamt,20,N,Y,N,1,,,,@Processed@='Y',YesNo,
181,Purchase Order,293,Lines,1,20,,,,,lineNo,,C_OrderLine,OrderLine,,org.openbravo.model.common.order,3DC4EA7018214268930D02DAC3E60487,Cancel Discounts and Promotions,N,N,,,,240,CANCELPRICEAD,20,N,Y,N,0,,,,,YesNo,org.openbravo.erpCommon.ad_callouts.SL_Order_Amt
181,Purchase Order,293,Lines,1,20,,,,,lineNo,,C_OrderLine,OrderLine,,org.openbravo.model.common.order,58795D116FE0409BAAF58D2F25CBA831,Base Gross Unit Price,N,Y,@GROSSPRICE@='Y',,,241,grosspricestd,800008,Y,Y,0,12,,,,,Price,
181,Purchase Order,293,Lines,1,20,,,,,lineNo,,C_OrderLine,OrderLine,,org.openbravo.model.common.order,801513,Base Net Unit Price,N,Y,@GROSSPRICE@='N',,,241,PriceStd,800008,Y,Y,0,12,,,,,Price,
181,Purchase Order,293,Lines,1,20,,,,,lineNo,,C_OrderLine,OrderLine,,org.openbravo.model.common.order,3388,Warehouse,N,N,@DirectShip@='N',,,242,M_Warehouse_ID,18,Y,Y,@M_Warehouse_ID@,22,,,,@OrderType@!'SO',Table,
181,Purchase Order,293,Lines,1,20,,,,,lineNo,,C_OrderLine,OrderLine,,org.openbravo.model.common.order,3390,Reserved Quantity,N,Y,@OrderType@='OB' | @OrderType@='SO' | @OrderType@='PO',,,243,QtyReserved,29,Y,N,,10,,,,,Quantity,
181,Purchase Order,293,Lines,1,20,,,,,lineNo,,C_OrderLine,OrderLine,,org.openbravo.model.common.order,3391,Delivered Quantity,N,Y,@Processed@='Y' & @IsStocked@ = 'Y',,,244,QtyDelivered,29,Y,N,,10,,,,,Quantity,
181,Purchase Order,293,Lines,1,20,,,,,lineNo,,C_OrderLine,OrderLine,,org.openbravo.model.common.order,3392,Invoiced Quantity,N,Y,@OrderType@='PO' | @Processed@='Y',,,245,QtyInvoiced,29,Y,N,,10,,,,,Quantity,
181,Purchase Order,293,Lines,1,20,,,,,lineNo,,C_OrderLine,OrderLine,,org.openbravo.model.common.order,3393,Shipping Company,N,N,@DeliveryViaRule@='S',,,246,M_Shipper_ID,19,N,Y,@M_Shipper_ID@,22,,,,,TableDir,
181,Purchase Order,293,Lines,1,20,,,,,lineNo,,C_OrderLine,OrderLine,,org.openbravo.model.common.order,3404,Order Date,Y,N,@showMRPandProductionFields@='Y',,,247,DateOrdered,15,Y,Y,@DateOrdered@,10,,,,,Date,
181,Purchase Order,293,Lines,1,20,,,,,lineNo,,C_OrderLine,OrderLine,,org.openbravo.model.common.order,3405,Scheduled Delivery Date,Y,N,@showMRPandProductionFields@='Y',,,248,DatePromised,15,N,Y,@DatePromised@,10,,,,,Date,
181,Purchase Order,293,Lines,1,20,,,,,lineNo,,C_OrderLine,OrderLine,,org.openbravo.model.common.order,3408,Business Partner,N,Y,,,,249,C_BPartner_ID,30,N,Y,@SQL=SELECT C_BPartner_ID AS DefaultValue FROM C_Order WHERE C_Order_ID=@C_Order_ID@,60,,,,@Posted@='Y',Search,
181,Purchase Order,293,Lines,1,20,,,,,lineNo,,C_OrderLine,OrderLine,,org.openbravo.model.common.order,3412,Freight Amount,N,N,@FreightCostRule@='L',,,250,FreightAmt,12,Y,Y,,22,,,,,Amount,
181,Purchase Order,293,Lines,1,20,,,,,lineNo,,C_OrderLine,OrderLine,,org.openbravo.model.common.order,3414,Partner Address,N,N,,,,252,C_BPartner_Location_ID,19,N,Y,@C_BPartner_Location_ID@,22,,,167,,TableDir,org.openbravo.erpCommon.ad_callouts.SL_Order_Tax
181,Purchase Order,293,Lines,1,20,,,,,lineNo,,C_OrderLine,OrderLine,,org.openbravo.model.common.order,800023,Order Quantity,N,N,(@HASSECONDUOM@=1 & @UomManagement@!'Y')  | (@UomManagement@='Y' & @M_Product_Uom_Id@!''),,,260,QuantityOrder,29,N,Y,,10,,,,@Processed@='Y',Quantity,org.openbravo.erpCommon.ad_callouts.SL_Order_Conversion
181,Purchase Order,293,Lines,1,20,,,,,lineNo,,C_OrderLine,OrderLine,,org.openbravo.model.common.order,800024,Order UOM,N,N,(@HASSECONDUOM@=1 & @UomManagement@!'Y')  | (@UomManagement@='Y' & @M_Product_Uom_Id@!''),,,270,M_Product_Uom_Id,95E2A8B50A254B2AAE6774B8C2F28120,N,Y,,22,,,,@Processed@='Y',OBUISEL_Selector Reference,org.openbravo.erpCommon.ad_callouts.SL_Order_Conversion
181,Purchase Order,293,Lines,1,20,,,,,lineNo,,C_OrderLine,OrderLine,,org.openbravo.model.common.order,CE883E35999D707CE040007F01002B1E,Manage Prereservation,Y,N,@DOCSTATUS@='CO'&@StockReservations@!'',,,280,Manage_Prereservation,28,N,Y,,1,,,,,Button,
181,Purchase Order,293,Lines,1,20,,,,,lineNo,,C_OrderLine,OrderLine,,org.openbravo.model.common.order,3409,Organization,Y,N,@ACCT_DIMENSION_DISPLAY@,,,1900,AD_Org_ID,19,Y,Y,@AD_Org_ID@,22,,,53AE60A473D2460D8663D7A1BC5BA732,@Posted@='Y',TableDir,
181,Purchase Order,293,Lines,1,20,,,,,lineNo,,C_OrderLine,OrderLine,,org.openbravo.model.common.order,261A7EAD754E4802819F8174FE68F605,Project,Y,N,@ACCT_DIMENSION_DISPLAY@,,,2000,C_Project_ID,30,N,Y,,32,,,,@Posted@='Y',Search,
181,Purchase Order,293,Lines,1,20,,,,,lineNo,,C_OrderLine,OrderLine,,org.openbravo.model.common.order,F479EC14852E449DB27CB79507FADF07,Cost Center,Y,N,@ACCT_DIMENSION_DISPLAY@,,,2010,C_Costcenter_ID,95E2A8B50A254B2AAE6774B8C2F28120,N,Y,,32,,,,@Posted@='Y',OBUISEL_Selector Reference,
181,Purchase Order,293,Lines,1,20,,,,,lineNo,,C_OrderLine,OrderLine,,org.openbravo.model.common.order,447077B0E2C24FF89B65FAB45940BE9F,Asset,Y,N,@$Element_AS@='Y',,,2020,A_Asset_ID,95E2A8B50A254B2AAE6774B8C2F28120,N,Y,,32,,,,@Posted@='Y',OBUISEL_Selector Reference,
181,Purchase Order,293,Lines,1,20,,,,,lineNo,,C_OrderLine,OrderLine,,org.openbravo.model.common.order,D28C4F787B89460499CBD9FACA78B952,1st Dimension,Y,N,@ACCT_DIMENSION_DISPLAY@,,,2030,User1_ID,95E2A8B50A254B2AAE6774B8C2F28120,N,Y,,32,,,,@Posted@='Y',OBUISEL_Selector Reference,
181,Purchase Order,293,Lines,1,20,,,,,lineNo,,C_OrderLine,OrderLine,,org.openbravo.model.common.order,838797E4AFB8493A997A30A6DB962966,2nd Dimension,Y,N,@ACCT_DIMENSION_DISPLAY@,,,2040,User2_ID,95E2A8B50A254B2AAE6774B8C2F28120,N,Y,,32,,,,@Posted@='Y',OBUISEL_Selector Reference,
181,Purchase Order,293,Lines,1,20,,,,,lineNo,,C_OrderLine,OrderLine,,org.openbravo.model.common.order,D523D045C0050880E040007F0100468E,Explode,Y,N,@IsStocked@='N' & @isBOM@='Y' & @explode@!'Y' & @Processed@='N',,,2050,Explode,28,N,Y,,1,,,,,Button,
181,Purchase Order,293,Lines,1,20,,,,,lineNo,,C_OrderLine,OrderLine,,org.openbravo.model.common.order,D523D045C0060880E040007F0100468E,BOM_Parent_ID,N,N,,,,2060,BOM_Parent_ID,30,N,Y,,32,,,,,Search,
181,Purchase Order,293,Lines,1,20,,,,,lineNo,,C_OrderLine,OrderLine,,org.openbravo.model.common.order,3411,Direct shipment,N,N,,,,,DirectShip,20,Y,N,,1,,,,@Processed@='Y',YesNo,
181,Purchase Order,293,Lines,1,20,,,,,lineNo,,C_OrderLine,OrderLine,,org.openbravo.model.common.order,3407,Invoice Date,N,Y,,,,,DateInvoiced,15,N,N,,10,,,,,Date,
181,Purchase Order,293,Lines,1,20,,,,,lineNo,,C_OrderLine,OrderLine,,org.openbravo.model.common.order,3402,Purchase Order,N,Y,,,,,C_Order_ID,30,Y,N,,60,,,,,Search,
181,Purchase Order,293,Lines,1,20,,,,,lineNo,,C_OrderLine,OrderLine,,org.openbravo.model.common.order,3401,Active,N,N,,,,,IsActive,20,Y,Y,,1,,,,,YesNo,
181,Purchase Order,293,Lines,1,20,,,,,lineNo,,C_OrderLine,OrderLine,,org.openbravo.model.common.order,3400,Client,N,N,,,,,AD_Client_ID,19,Y,N,@AD_Client_ID@,22,,,,@Processed@='Y',TableDir,
181,Purchase Order,293,Lines,1,20,,,,,lineNo,,C_OrderLine,OrderLine,,org.openbravo.model.common.order,3399,Purchase Order Line,N,N,,,,,C_OrderLine_ID,13,Y,N,,32,,,,,ID,
181,Purchase Order,293,Lines,1,20,,,,,lineNo,,C_OrderLine,OrderLine,,org.openbravo.model.common.order,3394,Currency,N,Y,,,,,C_Currency_ID,19,Y,N,@C_Currency_ID@,22,,,,,TableDir,
181,Purchase Order,293,Lines,1,20,,,,,lineNo,,C_OrderLine,OrderLine,,org.openbravo.model.common.order,3406,Date Delivered,N,Y,,,,,DateDelivered,15,N,N,,10,,,,,Date,
181,Purchase Order,293,Lines,1,20,,,,,lineNo,,C_OrderLine,OrderLine,,org.openbravo.model.common.order,CB9F7E1068619731E040007F01000F07,Warehouse Rule,N,N,,,,,M_Warehouse_Rule_ID,19,N,Y,,32,,,,,TableDir,
181,Purchase Order,293,Lines,1,20,,,,,lineNo,,C_OrderLine,OrderLine,,org.openbravo.model.common.order,7E37B8136CC475EFE040007F0100360F,C_Order_Discount_ID,N,N,,,,,C_Order_Discount_ID,19,N,Y,,32,,,,,TableDir,
181,Purchase Order,293,Lines,1,20,,,,,lineNo,,C_OrderLine,OrderLine,,org.openbravo.model.common.order,801512,Promotion/Discount,N,N,,,,,M_Offer_ID,95E2A8B50A254B2AAE6774B8C2F28120,N,Y,,10,,,,,OBUISEL_Selector Reference,
181,Purchase Order,293,Lines,1,20,,,,,lineNo,,C_OrderLine,OrderLine,,org.openbravo.model.common.order,8249,Description Only,N,N,,,,,IsDescription,20,Y,Y,N,1,,,,,YesNo,
181,Purchase Order,293,Lines,1,20,,,,,lineNo,,C_OrderLine,OrderLine,,org.openbravo.model.common.order,5388,Resource Assignment,N,N,,,,,S_ResourceAssignment_ID,33,N,Y,,22,,,,,Assignment,
181,Purchase Order,293,Lines,1,20,,,,,lineNo,,C_OrderLine,OrderLine,,org.openbravo.model.common.order,3417,Price Limit,N,Y,,,,,PriceLimit,800008,Y,Y,,22,,,,,Price,
181,Purchase Order,ADBD1719BFA14C97A32C7B6E8452D14F,Line Tax,2,27,,C_OrderLineTax.Line,,,lineNo,,C_OrderLineTax,OrderLineTax,,org.openbravo.model.ad.access,7E595A11D651446FE040007F010052E9,Line No.,Y,N,,,,10,Line,11,N,Y,"@SQL=SELECT COALESCE(MAX(LINE),0)+10 AS DefaultValue FROM C_ORDERLINETAX WHERE C_ORDERLINE_ID=@C_OrderLine_ID@",12,,,,,Integer,
181,Purchase Order,ADBD1719BFA14C97A32C7B6E8452D14F,Line Tax,2,27,,C_OrderLineTax.Line,,,lineNo,,C_OrderLineTax,OrderLineTax,,org.openbravo.model.ad.access,7E595A11D64F446FE040007F010052E9,Tax,Y,N,,,,20,C_Tax_ID,19,Y,Y,,32,,,,,TableDir,
181,Purchase Order,ADBD1719BFA14C97A32C7B6E8452D14F,Line Tax,2,27,,C_OrderLineTax.Line,,,lineNo,,C_OrderLineTax,OrderLineTax,,org.openbravo.model.ad.access,7E595A11D653446FE040007F010052E9,Taxable Amount,Y,N,,,,30,Taxbaseamt,12,Y,Y,0,12,,,,,Amount,
181,Purchase Order,ADBD1719BFA14C97A32C7B6E8452D14F,Line Tax,2,27,,C_OrderLineTax.Line,,,lineNo,,C_OrderLineTax,OrderLineTax,,org.openbravo.model.ad.access,7E595A11D652446FE040007F010052E9,Tax Amount,Y,N,,,,40,Taxamt,12,Y,Y,0,12,,,,,Amount,
181,Purchase Order,ADBD1719BFA14C97A32C7B6E8452D14F,Line Tax,2,27,,C_OrderLineTax.Line,,,lineNo,,C_OrderLineTax,OrderLineTax,,org.openbravo.model.ad.access,7E595A11D64C446FE040007F010052E9,Purchase Order,N,N,,,,,C_Order_ID,19,Y,N,,32,,,,,TableDir,
181,Purchase Order,ADBD1719BFA14C97A32C7B6E8452D14F,Line Tax,2,27,,C_OrderLineTax.Line,,,lineNo,,C_OrderLineTax,OrderLineTax,,org.openbravo.model.ad.access,7E595A11D64B446FE040007F010052E9,Organization,N,N,,,,,AD_Org_ID,19,Y,N,@AD_ORG_ID@,32,,,104,,TableDir,
181,Purchase Order,ADBD1719BFA14C97A32C7B6E8452D14F,Line Tax,2,27,,C_OrderLineTax.Line,,,lineNo,,C_OrderLineTax,OrderLineTax,,org.openbravo.model.ad.access,7E595A11D64A446FE040007F010052E9,Client,N,N,,,,,AD_Client_ID,19,Y,N,@AD_CLIENT_ID@,32,,,103,,TableDir,
181,Purchase Order,ADBD1719BFA14C97A32C7B6E8452D14F,Line Tax,2,27,,C_OrderLineTax.Line,,,lineNo,,C_OrderLineTax,OrderLineTax,,org.openbravo.model.ad.access,7E595A11D650446FE040007F010052E9,Active,N,N,,,,,Isactive,20,Y,Y,Y,1,,,,,YesNo,
181,Purchase Order,ADBD1719BFA14C97A32C7B6E8452D14F,Line Tax,2,27,,C_OrderLineTax.Line,,,lineNo,,C_OrderLineTax,OrderLineTax,,org.openbravo.model.ad.access,7E595A11D64E446FE040007F010052E9,Order Line Tax,N,N,,,,,C_Orderlinetax_ID,13,Y,N,,32,,,,,ID,
181,Purchase Order,ADBD1719BFA14C97A32C7B6E8452D14F,Line Tax,2,27,,C_OrderLineTax.Line,,,lineNo,,C_OrderLineTax,OrderLineTax,,org.openbravo.model.ad.access,7E595A11D64D446FE040007F010052E9,Purchase Order Line,N,N,,,,,C_Orderline_ID,30,Y,N,,32,,,,,Search,
181,Purchase Order,64B971D786A646DC9656534AABB13FA9,Prereserved Qty,2,28,,,,,,,M_Reservation_Stock,ReservationStock,,org.openbravo.model.materialmgmt.onhandquantity,CEF0AE69A5DEF9DCE040007F010028FE,Stock Reservation,Y,N,,,,10,M_Reservation_ID,95E2A8B50A254B2AAE6774B8C2F28120,Y,N,,32,,,,,OBUISEL_Selector Reference,
181,Purchase Order,64B971D786A646DC9656534AABB13FA9,Prereserved Qty,2,28,,,,,,,C_OrderLine,OrderLine,,org.openbravo.model.common.order,801E3D9BC2A74C7F9E48D8BE9B272510,Customer,Y,N,,,,15,C_BPartner_ID,30,N,Y,@SQL=SELECT C_BPartner_ID AS DefaultValue FROM C_Order WHERE C_Order_ID=@C_Order_ID@,60,,,,@Posted@='Y',Search,
181,Purchase Order,64B971D786A646DC9656534AABB13FA9,Prereserved Qty,2,28,,,,,,,M_Reservation_Stock,ReservationStock,,org.openbravo.model.materialmgmt.onhandquantity,CEF0AE69A5E2F9DCE040007F010028FE,Storage Bin,Y,N,,,,20,M_Locator_ID,30,N,Y,,32,,,,,Search,
181,Purchase Order,64B971D786A646DC9656534AABB13FA9,Prereserved Qty,2,28,,,,,,,M_Reservation_Stock,ReservationStock,,org.openbravo.model.materialmgmt.onhandquantity,CEF0AE69A5E3F9DCE040007F010028FE,Attribute Set Value,Y,N,,,,30,M_Attributesetinstance_ID,35,N,Y,,32,,,,,PAttribute,
181,Purchase Order,64B971D786A646DC9656534AABB13FA9,Prereserved Qty,2,28,,,,,,,M_Reservation_Stock,ReservationStock,,org.openbravo.model.materialmgmt.onhandquantity,CEF0AE69A5E1F9DCE040007F010028FE,Allocated,Y,N,,,,40,IsAllocated,20,Y,Y,N,1,,,,,YesNo,
181,Purchase Order,64B971D786A646DC9656534AABB13FA9,Prereserved Qty,2,28,,,,,,,M_Reservation_Stock,ReservationStock,,org.openbravo.model.materialmgmt.onhandquantity,CEF0AE69A5E0F9DCE040007F010028FE,Quantity,Y,N,,,,50,Quantity,29,Y,Y,,12,,,,,Quantity,
181,Purchase Order,64B971D786A646DC9656534AABB13FA9,Prereserved Qty,2,28,,,,,,,M_Reservation_Stock,ReservationStock,,org.openbravo.model.materialmgmt.onhandquantity,CEF0AE69A5E4F9DCE040007F010028FE,Released,Y,N,,,,60,ReleasedQty,29,N,Y,,12,,,,,Quantity,
181,Purchase Order,64B971D786A646DC9656534AABB13FA9,Prereserved Qty,2,28,,,,,,,M_Reservation_Stock,ReservationStock,,org.openbravo.model.materialmgmt.onhandquantity,CEF0AE69A5DCF9DCE040007F010028FE,Organization,N,N,,,,,AD_Org_ID,19,Y,N,@AD_ORG_ID@,32,,,,,TableDir,
181,Purchase Order,64B971D786A646DC9656534AABB13FA9,Prereserved Qty,2,28,,,,,,,M_Reservation_Stock,ReservationStock,,org.openbravo.model.materialmgmt.onhandquantity,CEF0AE69A5DDF9DCE040007F010028FE,Active,N,N,,,,,Isactive,20,Y,Y,Y,1,,,,,YesNo,
181,Purchase Order,64B971D786A646DC9656534AABB13FA9,Prereserved Qty,2,28,,,,,,,M_Reservation_Stock,ReservationStock,,org.openbravo.model.materialmgmt.onhandquantity,CEF0AE69A5DFF9DCE040007F010028FE,Purchase Order Line,N,N,,,,,C_Orderline_ID,30,N,Y,,32,,,,,Search,
181,Purchase Order,64B971D786A646DC9656534AABB13FA9,Prereserved Qty,2,28,,,,,,,M_Reservation_Stock,ReservationStock,,org.openbravo.model.materialmgmt.onhandquantity,CEF0AE69A5DAF9DCE040007F010028FE,Reservation Stock,N,N,,,,,M_Reservation_Stock_ID,13,Y,N,,32,,,,,ID,
181,Purchase Order,64B971D786A646DC9656534AABB13FA9,Prereserved Qty,2,28,,,,,,,M_Reservation_Stock,ReservationStock,,org.openbravo.model.materialmgmt.onhandquantity,CEF0AE69A5DBF9DCE040007F010028FE,Client,N,N,,,,,AD_Client_ID,19,Y,N,@AD_CLIENT_ID@,32,,,,,TableDir,
181,Purchase Order,1011100001,Basic Discounts,1,30,,,,,lineNo,,C_Order_Discount,OrderDiscount,,org.openbravo.model.common.order,1011100023,Line No.,Y,N,,,,10,Line,11,Y,Y,"@SQL=SELECT COALESCE(MAX(LINE),0)+10 AS DefaultValue FROM C_ORDER_DISCOUNT WHERE C_ORDER_ID=@C_ORDER_ID@",12,,,,@Processed@='Y',Integer,
181,Purchase Order,295,Tax,1,30,,C_OrderTax.Line,,,lineNo,,C_OrderTax,OrderTax,,org.openbravo.model.common.order,803561,Line No.,Y,N,,,,10,Line,11,N,Y,"@SQL=SELECT COALESCE(MAX(LINE),0)+10 AS DefaultValue FROM C_ORDERTAX WHERE C_Order_ID=@C_Order_ID@",12,,,,,Integer,
181,Purchase Order,1011100001,Basic Discounts,1,30,,,,,lineNo,,C_Order_Discount,OrderDiscount,,org.openbravo.model.common.order,1011100018,Basic Discount,Y,N,,,,20,C_Discount_ID,19,Y,Y,,32,,,,@Processed@='Y',TableDir,
181,Purchase Order,295,Tax,1,30,,C_OrderTax.Line,,,lineNo,,C_OrderTax,OrderTax,,org.openbravo.model.common.order,3470,Tax,Y,N,,,,20,C_Tax_ID,19,Y,N,,22,,,,,TableDir,
181,Purchase Order,295,Tax,1,30,,C_OrderTax.Line,,,lineNo,,C_OrderTax,OrderTax,,org.openbravo.model.common.order,3473,Tax Amount,Y,Y,,,,30,TaxAmt,12,Y,N,,22,,,,,Amount,
181,Purchase Order,1011100001,Basic Discounts,1,30,,,,,lineNo,,C_Order_Discount,OrderDiscount,,org.openbravo.model.common.order,1011100021,Cascade,Y,N,,,,30,Cascade,20,Y,Y,N,1,,,,@Processed@='Y',YesNo,
181,Purchase Order,1011100001,Basic Discounts,1,30,,,,,lineNo,,C_Order_Discount,OrderDiscount,,org.openbravo.model.common.order,1011100022,Active,Y,N,,,,40,Isactive,20,Y,Y,Y,1,,,,@Processed@='Y',YesNo,
181,Purchase Order,295,Tax,1,30,,C_OrderTax.Line,,,lineNo,,C_OrderTax,OrderTax,,org.openbravo.model.common.order,3474,Taxable Amount,Y,Y,,,,40,TaxBaseAmt,12,Y,N,0,22,,,,,Amount,
181,Purchase Order,295,Tax,1,30,,C_OrderTax.Line,,,lineNo,,C_OrderTax,OrderTax,,org.openbravo.model.common.order,3468,Client,N,N,,,,,AD_Client_ID,19,Y,N,@AD_Client_ID@,22,,,,,TableDir,
181,Purchase Order,1011100001,Basic Discounts,1,30,,,,,lineNo,,C_Order_Discount,OrderDiscount,,org.openbravo.model.common.order,1011100019,C_Order_Discount_ID,N,N,,,,,C_Order_Discount_ID,13,Y,N,,32,,,,,ID,
181,Purchase Order,1011100001,Basic Discounts,1,30,,,,,lineNo,,C_Order_Discount,OrderDiscount,,org.openbravo.model.common.order,1011100017,Organization,N,N,,,,,AD_Org_ID,19,Y,Y,@AD_ORG_ID@,32,,,104,@Processed@='Y',TableDir,
181,Purchase Order,1011100001,Basic Discounts,1,30,,,,,lineNo,,C_Order_Discount,OrderDiscount,,org.openbravo.model.common.order,1011100016,Client,N,N,,,,,AD_Client_ID,19,Y,N,@AD_CLIENT_ID@,32,,,103,@Processed@='Y',TableDir,
181,Purchase Order,295,Tax,1,30,,C_OrderTax.Line,,,lineNo,,C_OrderTax,OrderTax,,org.openbravo.model.common.order,521F8231190C6C29E040007F01001B31,Order Tax,N,N,,,,,C_OrderTax_ID,13,Y,Y,,32,,,,,ID,
181,Purchase Order,295,Tax,1,30,,C_OrderTax.Line,,,lineNo,,C_OrderTax,OrderTax,,org.openbravo.model.common.order,3472,Purchase Order,N,Y,,,,,C_Order_ID,30,Y,N,,60,,,,,Search,
181,Purchase Order,295,Tax,1,30,,C_OrderTax.Line,,,lineNo,,C_OrderTax,OrderTax,,org.openbravo.model.common.order,3471,Active,N,N,,,,,IsActive,20,Y,Y,,1,,,,,YesNo,
181,Purchase Order,295,Tax,1,30,,C_OrderTax.Line,,,lineNo,,C_OrderTax,OrderTax,,org.openbravo.model.common.order,3469,Organization,N,N,,,,,AD_Org_ID,19,Y,Y,@AD_Org_ID@,22,,,,,TableDir,
181,Purchase Order,1011100001,Basic Discounts,1,30,,,,,lineNo,,C_Order_Discount,OrderDiscount,,org.openbravo.model.common.order,1011100020,Purchase Order,N,N,,,,,C_Order_ID,30,Y,N,,32,,,,,Search,
181,Purchase Order,FA57D75B1BBB4583B4A777008A29BF54,Payment Plan,1,35,,,,,,,FIN_Payment_Sched_Ord_V,FIN_PaymentSchedOrdV,,org.openbravo.model.financialmgmt.payment,1F5BF8D0EB784E60B786C5E6666B5944,Due Date,Y,N,,,,10,Duedate,15,N,Y,,19,,,,,Date,
181,Purchase Order,FA57D75B1BBB4583B4A777008A29BF54,Payment Plan,1,35,,,,,,,FIN_Payment_Sched_Ord_V,FIN_PaymentSchedOrdV,,org.openbravo.model.financialmgmt.payment,BE902DC15B9B49F8828C71AD5722716D,Payment Method,Y,N,,,,20,FIN_Paymentmethod_ID,30,Y,Y,,32,,,,,Search,
181,Purchase Order,FA57D75B1BBB4583B4A777008A29BF54,Payment Plan,1,35,,,,,,,FIN_Payment_Sched_Ord_V,FIN_PaymentSchedOrdV,,org.openbravo.model.financialmgmt.payment,4D1FA38BA3B44F2AA3E19247FC3DB3EE,Expected Amount,Y,N,,,,30,Expected,12,Y,Y,,12,,,,,Amount,
181,Purchase Order,FA57D75B1BBB4583B4A777008A29BF54,Payment Plan,1,35,,,,,,,FIN_Payment_Sched_Ord_V,FIN_PaymentSchedOrdV,,org.openbravo.model.financialmgmt.payment,44101C09C7884CC4B2DF7367012382A2,Paid,Y,N,,,,40,Received,12,Y,Y,,12,,,,,Amount,
181,Purchase Order,FA57D75B1BBB4583B4A777008A29BF54,Payment Plan,1,35,,,,,,,FIN_Payment_Sched_Ord_V,FIN_PaymentSchedOrdV,,org.openbravo.model.financialmgmt.payment,D713EA6B98544AE2B2B52F2E23E18E88,Outstanding,Y,N,,,,50,Outstanding,12,Y,Y,,12,,,,,Amount,
181,Purchase Order,FA57D75B1BBB4583B4A777008A29BF54,Payment Plan,1,35,,,,,,,FIN_Payment_Sched_Ord_V,FIN_PaymentSchedOrdV,,org.openbravo.model.financialmgmt.payment,07D342328D8B4289811B84E1E56D45D0,Last Payment Date,Y,N,,,,60,Lastpayment,15,N,Y,,19,,,,,Date,
181,Purchase Order,FA57D75B1BBB4583B4A777008A29BF54,Payment Plan,1,35,,,,,,,FIN_Payment_Sched_Ord_V,FIN_PaymentSchedOrdV,,org.openbravo.model.financialmgmt.payment,6482EC5269CB42CCBC5933A13DF906A5,Number of Payments,Y,N,,,,70,Numberofpayments,11,N,Y,,12,,,,,Integer,
181,Purchase Order,FA57D75B1BBB4583B4A777008A29BF54,Payment Plan,1,35,,,,,,,FIN_Payment_Sched_Ord_V,FIN_PaymentSchedOrdV,,org.openbravo.model.financialmgmt.payment,2C3C6561C2DB4025A367330BB9070FCB,Currency,Y,N,,,,80,C_Currency_ID,30,Y,Y,,32,,,,,Search,
181,Purchase Order,FA57D75B1BBB4583B4A777008A29BF54,Payment Plan,1,35,,,,,,,FIN_Payment_Sched_Ord_V,FIN_PaymentSchedOrdV,,org.openbravo.model.financialmgmt.payment,261FE17E9113447085E831DBA905C66A,Organization,N,N,,,,,AD_Org_ID,30,Y,N,@AD_ORG_ID@,32,,,130,,Search,
181,Purchase Order,FA57D75B1BBB4583B4A777008A29BF54,Payment Plan,1,35,,,,,,,FIN_Payment_Sched_Ord_V,FIN_PaymentSchedOrdV,,org.openbravo.model.financialmgmt.payment,AB88F335734345BA8817A6CA6EA69806,Invoice,N,N,,,,,C_Invoice_ID,30,N,N,,32,,,,,Search,
181,Purchase Order,FA57D75B1BBB4583B4A777008A29BF54,Payment Plan,1,35,,,,,,,FIN_Payment_Sched_Ord_V,FIN_PaymentSchedOrdV,,org.openbravo.model.financialmgmt.payment,741DEAEF26C848BDAC6BEDB333088D7E,Order Payment Out Plan,N,N,,,,,Fin_Payment_Sched_Ord_V_ID,13,Y,N,,32,,,,,ID,
181,Purchase Order,FA57D75B1BBB4583B4A777008A29BF54,Payment Plan,1,35,,,,,,,FIN_Payment_Sched_Ord_V,FIN_PaymentSchedOrdV,,org.openbravo.model.financialmgmt.payment,1F9EE5F6538148DA8866175302B4C16F,Purchase Order,N,N,,,,,C_Order_ID,30,N,Y,,32,,,,,Search,
181,Purchase Order,FA57D75B1BBB4583B4A777008A29BF54,Payment Plan,1,35,,,,,,,FIN_Payment_Sched_Ord_V,FIN_PaymentSchedOrdV,,org.openbravo.model.financialmgmt.payment,5BB694E685DF45579F60757A1A1DD35B,Active,N,N,,,,,Isactive,20,N,Y,,1,,,,,YesNo,
181,Purchase Order,FA57D75B1BBB4583B4A777008A29BF54,Payment Plan,1,35,,,,,,,FIN_Payment_Sched_Ord_V,FIN_PaymentSchedOrdV,,org.openbravo.model.financialmgmt.payment,29669BE23C574732A8BE6A8F8A879DAF,Client,N,N,,,,,AD_Client_ID,30,Y,N,@AD_CLIENT_ID@,32,,,129,,Search,
181,Purchase Order,6707D7449A8D45DB851F608BA88329C8,Payment Details,2,36,,,,,,,FIN_Payment_Detail_V,FIN_PaymentDetailV,,org.openbravo.model.financialmgmt.payment,C92A30F5BB0C47D29066008260A2818B,Payment Out,Y,N,,,,10,FIN_Payment_ID,95E2A8B50A254B2AAE6774B8C2F28120,Y,Y,,32,,,,,OBUISEL_Selector Reference,
181,Purchase Order,6707D7449A8D45DB851F608BA88329C8,Payment Details,2,36,,,,,,,FIN_Payment_Detail_V,FIN_PaymentDetailV,,org.openbravo.model.financialmgmt.payment,FD46676E44ED4D129AEE94D54D92814F,Payment Date,Y,N,,,,20,Paymentdate,15,N,Y,,19,,,,,Date,
181,Purchase Order,6707D7449A8D45DB851F608BA88329C8,Payment Details,2,36,,,,,,,FIN_Payment_Detail_V,FIN_PaymentDetailV,,org.openbravo.model.financialmgmt.payment,6AF3F8F4C66648929165E04D53A99CA9,Due Date,Y,N,,,,30,Duedate,15,N,Y,,19,,,,,Date,
181,Purchase Order,6707D7449A8D45DB851F608BA88329C8,Payment Details,2,36,,,,,,,FIN_Payment_Detail_V,FIN_PaymentDetailV,,org.openbravo.model.financialmgmt.payment,A41471E03DCC4B2081D047EAD9BBB0B6,Payment Method,Y,N,,,,40,Fin_Paymentmethod_ID,30,N,Y,,32,,,,,Search,
181,Purchase Order,6707D7449A8D45DB851F608BA88329C8,Payment Details,2,36,,,,,,,FIN_Payment_Detail_V,FIN_PaymentDetailV,,org.openbravo.model.financialmgmt.payment,07EC2EF3577B4AAC84EBABCC8DA7C292,Financial Account,Y,N,,,,50,Fin_Financial_Account_ID,30,N,Y,,32,,,,,Search,
181,Purchase Order,6707D7449A8D45DB851F608BA88329C8,Payment Details,2,36,,,,,,,FIN_Payment_Detail_V,FIN_PaymentDetailV,,org.openbravo.model.financialmgmt.payment,D12033B7934A4E1CAE83BCF8AC3D8BAC,Expected Amount,Y,N,,,,60,Expected,12,N,Y,,12,,,,,Amount,
181,Purchase Order,6707D7449A8D45DB851F608BA88329C8,Payment Details,2,36,,,,,,,FIN_Payment_Detail_V,FIN_PaymentDetailV,,org.openbravo.model.financialmgmt.payment,B4F0216426D344DFA60D793E6AB6AB0B,Paid Amount,Y,N,,,,70,Paidamt,12,Y,Y,,12,,,,,Amount,
181,Purchase Order,6707D7449A8D45DB851F608BA88329C8,Payment Details,2,36,,,,,,,FIN_Payment_Detail_V,FIN_PaymentDetailV,,org.openbravo.model.financialmgmt.payment,49F7FA0508A441E9ABBF5F1C8208E10D,Currency,N,N,,,,80,C_Currency_ID,30,N,Y,,32,,,,,Search,
181,Purchase Order,6707D7449A8D45DB851F608BA88329C8,Payment Details,2,36,,,,,,,FIN_Payment_Detail_V,FIN_PaymentDetailV,,org.openbravo.model.financialmgmt.payment,91FB8879BCD348639C394391C064B4CC,Write-off Amount,Y,N,,,,80,Writeoffamt,12,N,Y,,12,,,,,Amount,
181,Purchase Order,6707D7449A8D45DB851F608BA88329C8,Payment Details,2,36,,,,,,,FIN_Payment_Detail_V,FIN_PaymentDetailV,,org.openbravo.model.financialmgmt.payment,40289C1D2E1298CF012E12E79661009B,Expected (Account Currency),Y,N,@C_Currency_ID@!@FinAcc_Currency_ID@,,,140,ExpectedConverted,12,N,Y,,12,,,,,Amount,
181,Purchase Order,6707D7449A8D45DB851F608BA88329C8,Payment Details,2,36,,,,,,,FIN_Payment_Detail_V,FIN_PaymentDetailV,,org.openbravo.model.financialmgmt.payment,40289C1D2E1298CF012E12E7F5BC00A1,Paid (Account Currency),Y,N,@C_Currency_ID@!@FinAcc_Currency_ID@,,,150,PaidConverted,12,N,Y,,12,,,,,Amount,
181,Purchase Order,6707D7449A8D45DB851F608BA88329C8,Payment Details,2,36,,,,,,,FIN_Payment_Detail_V,FIN_PaymentDetailV,,org.openbravo.model.financialmgmt.payment,40289C1D2E1298CF012E12EA901C00B6,Exchange Rate,Y,N,@C_Currency_ID@!@FinAcc_Currency_ID@,,,160,Finacc_Txn_Convert_Rate,800019,N,Y,,12,,,,,General Quantity,
181,Purchase Order,6707D7449A8D45DB851F608BA88329C8,Payment Details,2,36,,,,,,,FIN_Payment_Detail_V,FIN_PaymentDetailV,,org.openbravo.model.financialmgmt.payment,D0629CC136214B9CA283EFF68CFE1803,Payment No.,N,N,,,,170,Paymentno,10,Y,Y,,30,,,,,String,
181,Purchase Order,6707D7449A8D45DB851F608BA88329C8,Payment Details,2,36,,,,,,,FIN_Payment_Detail_V,FIN_PaymentDetailV,,org.openbravo.model.financialmgmt.payment,40289C1D2E1298CF012E12E943F000AD,Finacc_Currency_ID,N,N,,,,180,Finacc_Currency_ID,18,N,Y,,32,,,,,Table,
181,Purchase Order,6707D7449A8D45DB851F608BA88329C8,Payment Details,2,36,,,,,,,FIN_Payment_Detail_V,FIN_PaymentDetailV,,org.openbravo.model.financialmgmt.payment,FF80818130D0918F0130D0BE2C1600D2,Canceled,Y,Y,,,,190,Iscanceled,20,N,Y,,1,,,,,YesNo,
181,Purchase Order,6707D7449A8D45DB851F608BA88329C8,Payment Details,2,36,,,,,,,FIN_Payment_Detail_V,FIN_PaymentDetailV,,org.openbravo.model.financialmgmt.payment,C1DE5081483C5DA7E040007F01000CB2,Status,Y,N,,,,220,Status,17,Y,N,,60,,,,,List,
181,Purchase Order,6707D7449A8D45DB851F608BA88329C8,Payment Details,2,36,,,,,,,FIN_Payment_Detail_V,FIN_PaymentDetailV,,org.openbravo.model.financialmgmt.payment,B4BC626AFBAE4F17AA54997C2796B534,Order Payment Out Plan,N,N,,,,,Fin_Payment_Sched_Ord_V_Id,30,N,Y,,32,,,,,Search,
181,Purchase Order,6707D7449A8D45DB851F608BA88329C8,Payment Details,2,36,,,,,,,FIN_Payment_Detail_V,FIN_PaymentDetailV,,org.openbravo.model.financialmgmt.payment,3E9C6405F0D641308A4377E3198600FE,Payment Detail,N,N,,,,,Fin_Payment_Detail_V_ID,13,Y,N,,32,,,,,ID,
181,Purchase Order,6707D7449A8D45DB851F608BA88329C8,Payment Details,2,36,,,,,,,FIN_Payment_Detail_V,FIN_PaymentDetailV,,org.openbravo.model.financialmgmt.payment,39255F909E0649F0B77AC0DF1886B809,Invoice Amount,N,N,,,,,Invoicedamt,12,N,Y,,12,,,,,Amount,
181,Purchase Order,6707D7449A8D45DB851F608BA88329C8,Payment Details,2,36,,,,,,,FIN_Payment_Detail_V,FIN_PaymentDetailV,,org.openbravo.model.financialmgmt.payment,81D70676C48A4523BA3246AFBE93866C,Business Partner,N,N,,,,,C_Bpartner_ID,30,Y,Y,,32,,,,,Search,
181,Purchase Order,6707D7449A8D45DB851F608BA88329C8,Payment Details,2,36,,,,,,,FIN_Payment_Detail_V,FIN_PaymentDetailV,,org.openbravo.model.financialmgmt.payment,33DDD5700BEC4555B97870401877B31F,Organization,N,N,,,,,AD_Org_ID,30,Y,N,@AD_ORG_ID@,32,,,130,,Search,
181,Purchase Order,6707D7449A8D45DB851F608BA88329C8,Payment Details,2,36,,,,,,,FIN_Payment_Detail_V,FIN_PaymentDetailV,,org.openbravo.model.financialmgmt.payment,92691E590E904809BC0A1A7F9004F89D,Invoice No.,N,N,,,,,Invoiceno,10,N,Y,,30,,,,,String,
181,Purchase Order,6707D7449A8D45DB851F608BA88329C8,Payment Details,2,36,,,,,,,FIN_Payment_Detail_V,FIN_PaymentDetailV,,org.openbravo.model.financialmgmt.payment,D32E6941E27F4157B73615ED24984661,Active,N,N,,,,,Isactive,20,N,Y,,1,,,,,YesNo,
181,Purchase Order,6707D7449A8D45DB851F608BA88329C8,Payment Details,2,36,,,,,,,FIN_Payment_Detail_V,FIN_PaymentDetailV,,org.openbravo.model.financialmgmt.payment,331964ADAD6F4182BCB88287F89DBFE5,Order No.,N,N,,,,,Orderno,10,N,Y,,30,,,,,String,
181,Purchase Order,6707D7449A8D45DB851F608BA88329C8,Payment Details,2,36,,,,,,,FIN_Payment_Detail_V,FIN_PaymentDetailV,,org.openbravo.model.financialmgmt.payment,97AE3B1796EF42698B230018EE795750,Client,N,N,,,,,AD_Client_ID,30,Y,N,@AD_CLIENT_ID@,32,,,129,,Search,
